# Rhino

g object_1
v 2.432334184646606 2.929505348205566 0.9517528414726257
v 2.567725419998169 2.977387428283691 1.154278039932251
v 2.527373552322388 2.784821510314941 1.200186967849731
v 2.380934953689575 2.72945499420166 1.030482053756714
v 2.129348039627075 2.688912391662598 0.9839469790458679
v 2.142348527908325 2.902554512023926 0.8847658038139343
v 1.824515581130981 2.869156837463379 0.9061080813407898
v 1.867278337478638 2.653134346008301 1.019822835922241
v 1.550124406814575 2.811001777648926 0.9645773768424988
v 1.63713002204895 2.620099067687988 1.091525793075562
v 1.453009843826294 2.59890079498291 1.21096682548523
v 1.3564293384552 2.753155708312988 1.117102861404419
v 1.2928307056427 2.768124580383301 1.328314065933228
v 1.37358021736145 2.620724678039551 1.390729665756226
v 1.392470598220825 2.848416328430176 1.532764196395874
v 1.450698137283325 2.682393074035645 1.585867643356323
v 1.681548357009888 2.757222175598145 1.723499059677124
v 1.645812273025513 2.936650276184082 1.679514646530151
v 1.992057085037231 2.816102027893066 1.7454674243927
v 1.972831010818481 2.998223304748535 1.706126928329468
v 2.286757707595825 3.036263465881348 1.597946405410767
v 2.293044328689575 2.843869209289551 1.638778924942017
v 2.50993275642395 3.022885322570801 1.399295568466187
v 2.496817827224731 2.831479072570801 1.434184312820435
v 2.507788896560669 3.188836097717285 0.8787261843681335
v 2.632643938064575 3.219132423400879 1.097589254379273
v 2.5604088306427 3.262009620666504 1.343015909194946
v 2.637908220291138 3.535901069641113 1.268882513046265
v 2.68974232673645 3.496006965637207 1.046699285507202
v 2.577300310134888 3.480847358703613 0.8514649271965027
v 2.739836931228638 4.07542896270752 1.167872667312622
v 2.741233110427856 4.034165382385254 0.9866177439689636
v 2.750495195388794 4.245999336242676 0.9858719706535339
v 2.762099504470825 4.285557746887207 1.137026071548462
v 1.58708119392395 3.181954383850098 1.629058122634888
v 1.956107378005981 3.20171070098877 1.668109655380249
v 2.310485124588013 3.303780555725098 1.543014287948608
v 2.48442006111145 3.597786903381348 1.422298192977905
v 2.322394609451294 4.305912971496582 1.438467264175415
v 2.492316484451294 4.252930641174316 1.350426435470581
v 2.455596208572388 4.458271980285645 1.249633550643921
v 2.321959733963013 4.503674507141113 1.358030080795288
v 1.9190514087677 4.365200996398926 1.508774995803833
v 2.129225969314575 4.382454872131348 1.442076444625855
v 2.059500932693481 4.563851356506348 1.308800458908081
v 1.889289140701294 4.562912940979004 1.418953657150269
v 1.486891984939575 4.19973087310791 1.48346209526062
v 1.690932512283325 4.348984718322754 1.488683462142944
v 1.600524187088013 4.516980171203613 1.347707509994507
v 1.4479820728302 4.444146156311035 1.400474309921265
v 1.259940385818481 4.086762428283691 1.193883180618286
v 1.319533586502075 4.021965980529785 1.367943525314331
v 1.315764665603638 4.367413520812988 1.330960988998413
v 1.275000810623169 4.356732368469238 1.199441194534302
v 1.054885149002075 3.742081642150879 0.6353208422660828
v 1.07572865486145 3.80745792388916 0.771556556224823
v 1.118483781814575 3.745785713195801 0.8260800242424011
v 1.108206987380981 3.675911903381348 0.6805803179740906
v 0.8655465245246887 3.567299842834473 0.674541175365448
v 0.9661477208137512 3.640156745910645 0.5965821146965027
v 1.021949052810669 3.547883033752441 0.6399409174919128
v 0.9108803868293762 3.444706916809082 0.7316386103630066
v 0.826644241809845 3.567540168762207 0.8188616633415222
v 0.8603509068489075 3.435227394104004 0.8996116518974304
v 1.174880266189575 2.942399024963379 1.232670068740845
v 1.227507829666138 2.936673164367676 1.000453233718872
v 0.4950020611286163 4.263398170471191 0.2931191325187683
v 0.4695732891559601 4.230912208557129 0.2998082041740418
v 0.4355461895465851 4.255169868469238 0.3428542017936707
v 0.4675743877887726 4.290345191955566 0.3356358408927918
v 2.905593156814575 5.446835517883301 0.8476149439811707
v 2.890822649002075 5.416012763977051 0.8021628260612488
v 2.848136186599731 5.408505439758301 0.8172251582145691
v 2.848258256912231 5.426285743713379 0.8563010096549988
v 1.240691423416138 5.846135139465332 0.7844535708427429
v 1.190444231033325 5.84050464630127 0.7971822619438171
v 1.178153276443481 5.866658210754395 0.8393380045890808
v 1.238379716873169 5.888001441955566 0.8299056887626648
v 1.824515581130981 6.089539527893066 0.8844048380851746
v 1.825766801834106 6.021302223205566 0.8309642672538757
v 1.766860246658325 6.005131721496582 0.8448478579521179
v 1.753249406814575 6.04134464263916 0.8894817233085632
v 2.414092302322388 5.883790016174316 0.9274265170097351
v 2.405715227127075 5.882203102111816 0.8745395541191101
v 2.341887712478638 5.852677345275879 0.882335364818573
v 2.358275651931763 5.854241371154785 0.9342600703239441
v 1.252822160720825 5.061467170715332 1.11953330039978
v 1.348586320877075 5.088799476623535 1.149080514907837
v 1.335829973220825 5.219307899475098 1.091020345687866
v 1.241797685623169 5.202275276184082 1.061713457107544
v 1.257079362869263 4.997799873352051 0.950236976146698
v 1.217131853103638 5.020707130432129 1.033080339431763
v 1.203734636306763 5.17149829864502 0.9777871966362
v 1.240325212478638 5.151093482971191 0.8978549838066101
v 1.338759660720825 4.998475074768066 0.9167916178703308
v 1.321753740310669 5.14931583404541 0.8685724139213562
v 1.47001576423645 5.050206184387207 1.00449538230896
v 1.422881364822388 5.014473915100098 0.9346210360527039
v 1.403823137283325 5.160454750061035 0.8904682993888855
v 1.447829484939575 5.186104774475098 0.9597651362419128
v 2.683196306228638 4.841713905334473 0.8838512301445007
v 2.671599626541138 4.872246742248535 0.9698712229728699
v 2.711089372634888 4.983578681945801 0.9440533518791199
v 2.722777605056763 4.959229469299316 0.8620516657829285
v 2.747344255447388 4.815991401672363 0.8293043971061707
v 2.7857506275177 4.940415382385254 0.8103439211845398
v 2.88420033454895 4.829033851623535 0.9011995196342468
v 2.8306725025177 4.811539649963379 0.8371965289115906
v 2.865554094314575 4.937310218811035 0.8180434107780457
v 2.91422963142395 4.949822425842285 0.8779565691947937
v 2.721961259841919 4.88921070098877 1.036545515060425
v 2.809157609939575 4.884926795959473 1.043451070785523
v 2.839736223220825 4.990845680236816 1.007575273513794
v 2.759398698806763 4.996621131896973 1.004423379898071
v 0.64930659532547 4.164361000061035 0.619151771068573
v 0.563216507434845 4.114747047424316 0.5638343691825867
v 0.6349480748176575 4.029351234436035 0.6456915736198425
v 0.7251504063606262 4.085053443908691 0.693621814250946
v 0.5835946202278137 4.045254707336426 0.4812313914299011
v 0.611190140247345 4.052090644836426 0.3712226748466492
v 0.6630471348762512 3.958924293518066 0.4227864146232605
v 0.6198800206184387 3.971821784973145 0.5358988642692566
v 0.6781609654426575 4.080384254455566 0.3202845454216003
v 0.7405007481575012 3.988133430480957 0.3642928004264832
v 0.7551262974739075 4.130024909973145 0.3580853343009949
v 0.7864373326301575 4.172421455383301 0.4695135951042175
v 0.865767776966095 4.091046333312988 0.5242535471916199
v 0.8268349766731262 4.041863441467285 0.4051253199577332
v 1.036864519119263 3.12913990020752 1.109451532363892
v 1.083976030349731 3.134652137756348 0.8895060420036316
v 1.211699724197388 3.80654239654541 1.116453409194946
v 1.226828813552856 3.717297554016113 1.263011693954468
v 1.322211503982544 5.761124610900879 0.780796229839325
v 1.354308366775513 5.774140357971191 0.8308679461479187
v 1.382704973220825 5.64736270904541 0.8538710474967957
v 1.3492271900177 5.631047248840332 0.7941743731498718
v 1.180487871170044 5.769089698791504 0.7886883616447449
v 1.252089738845825 5.759800910949707 0.7628223299980164
v 1.27213978767395 5.627606391906738 0.7676827311515808
v 1.187560319900513 5.640023231506348 0.7938858866691589
v 1.149787187576294 5.786919593811035 0.8497082591056824
v 1.150916337966919 5.662423133850098 0.8662626147270203
v 1.913283586502075 5.907513618469238 0.8292080760002136
v 1.954520463943481 5.944977760314941 0.8916956782341003
v 1.972472429275513 5.78633975982666 0.9102947115898132
v 1.923461198806763 5.745461463928223 0.8420807719230652
v 1.756110429763794 5.901379585266113 0.8380143046379089
v 1.832045793533325 5.894593238830566 0.8095976710319519
v 1.832549333572388 5.73073673248291 0.8167683482170105
v 1.750457048416138 5.742886543273926 0.8454973101615906
v 1.724929094314575 5.925992012023926 0.8970128893852234
v 1.718047380447388 5.774983406066895 0.9121715426445007
v 2.509856462478638 5.738652229309082 0.8715078234672546
v 2.502494096755981 5.751259803771973 0.921435534954071
v 2.490203142166138 5.620148658752441 0.9509589076042175
v 2.517394304275513 5.579438209533691 0.8845731616020203
v 2.32780385017395 5.741177558898926 0.8334667086601257
v 2.399970293045044 5.72960376739502 0.8049542307853699
v 2.396865129470825 5.571110725402832 0.8142659068107605
v 2.315734148025513 5.594040870666504 0.8465563654899597
v 2.330695390701294 5.777173042297363 0.9487449526786804
v 2.304808855056763 5.762761116027832 0.8941494822502136
v 2.282187700271606 5.626694679260254 0.9144818186759949
v 2.323867082595825 5.660187721252441 0.9791104197502136
v 2.930571794509888 5.334057807922363 0.7809407114982605
v 2.96989369392395 5.33971118927002 0.8248288035392761
v 2.965529680252075 5.228814125061035 0.8283416628837585
v 2.9203941822052 5.218564033508301 0.777908980846405
v 2.81816029548645 5.33995532989502 0.8089482188224793
v 2.869475603103638 5.334107398986816 0.776465117931366
v 2.849745988845825 5.216351509094238 0.7739869952201843
v 2.792601823806763 5.22996997833252 0.8140012621879578
v 2.803282976150513 5.35323429107666 0.8622443079948425
v 2.777175188064575 5.250828742980957 0.8766328692436218
v 2.9117271900177 -1.107909202575684 1.21849799156189
v 2.886107683181763 -1.136252403259277 1.56628155708313
v 2.616400957107544 -1.125498771667481 1.83836817741394
v 2.239623308181763 -1.088923454284668 1.956774473190308
v 1.902480363845825 -1.044795036315918 1.927684545516968
v 2.681174516677856 -1.053915977478027 0.9426814913749695
v 2.324172258377075 -1.022585868835449 0.8471819758415222
v 1.980963945388794 -1.006899833679199 0.9275228381156921
v 1.747252702713013 -0.9919309616088867 1.121410131454468
v 2.845420122146606 -0.5167417526245117 1.232670068740845
v 2.826293230056763 -0.530940055847168 1.556199789047241
v 2.584548234939575 -0.5346670150756836 1.796044588088989
v 2.235121965408325 -0.5155172348022461 1.907833814620972
v 1.906829118728638 -0.4877500236034393 1.899556398391724
v 1.782790422439575 -0.4673909842967987 1.151943922042847
v 2.027983903884888 -0.4871473014354706 0.9811078906059265
v 2.344512224197388 -0.4980230033397675 0.9048811793327332
v 2.654296159744263 -0.5022802352905273 0.9782201647758484
v 2.798476457595825 0.0654001459479332 1.251076936721802
v 2.789519548416138 0.07026007026433945 1.557355165481567
v 2.563468217849731 0.07839300483465195 1.776025056838989
v 2.23332142829895 0.09869863837957382 1.875711679458618
v 1.916075944900513 0.1184778437018395 1.878791570663452
v 1.816359758377075 0.0961008295416832 1.17694354057312
v 2.057959794998169 0.07343771308660507 1.032190084457398
v 2.344695329666138 0.06012823060154915 0.9622918963432312
v 2.620902299880981 0.0608530230820179 1.020472288131714
v 2.734572649002075 0.6805543899536133 1.266692876815796
v 2.730139970779419 0.701390266418457 1.549342393875122
v 2.5159752368927 0.7173662185668945 1.753864526748657
v 2.20121693611145 0.7354135513305664 1.852035284042358
v 1.897979021072388 0.7455682754516602 1.860095739364624
v 1.829184770584106 0.678074836730957 1.207477807998657
v 2.057692766189575 0.6594743728637695 1.078797101974487
v 2.3171226978302 0.650670051574707 1.014024019241333
v 2.5641930103302 0.6584405899047852 1.062964677810669
v 2.6569664478302 1.318325996398926 1.274152040481567
v 2.657546281814575 1.358918190002441 1.53043007850647
v 2.4457848072052 1.372872352600098 1.726747274398804
v 2.135871171951294 1.373810768127441 1.830620527267456
v 1.837821245193481 1.359662055969238 1.838608980178833
v 1.6296226978302 1.325497627258301 1.729081392288208
v 1.674681901931763 0.737339973449707 1.752757787704468
v 1.818022966384888 1.232834815979004 1.23531699180603
v 2.037047624588013 1.224656105041504 1.124129056930542
v 2.274344682693481 1.232113838195801 1.063060998916626
v 2.495444536209106 1.264885902404785 1.098695993423462
v 2.5908043384552 1.871304512023926 1.269580125808716
v 2.593375444412231 1.926239967346191 1.510146379470825
v 2.38810658454895 1.937691688537598 1.709110498428345
v 2.083388566970825 1.92159366607666 1.816592931747437
v 1.785948991775513 1.883625984191895 1.815221548080444
v 1.581740617752075 1.826478004455566 1.696165323257446
v 1.791167497634888 1.712235450744629 1.250860452651978
v 2.005652666091919 1.715413093566895 1.155553102493286
v 2.2292320728302 1.740700721740723 1.092993497848511
v 2.4360191822052 1.794430732727051 1.116116285324097
v 1.479644060134888 2.500103950500488 1.62720513343811
v 1.522856950759888 2.226475715637207 1.661516904830933
v 1.7326500415802 2.292622566223145 1.789355039596558
v 1.698607683181763 2.569279670715332 1.762069463729858
v 2.01029896736145 2.622673988342285 1.779995203018189
v 2.0390465259552 2.341008186340332 1.801578283309937
v 2.351866960525513 2.363411903381348 1.693061590194702
v 2.319846391677856 2.647889137268066 1.67054009437561
v 2.553679704666138 2.34972095489502 1.481729745864868
v 2.519530534744263 2.634488105773926 1.458486318588257
v 2.549391984939575 2.291851997375488 1.248334169387817
v 2.526870012283325 2.58275318145752 1.226678609848023
v 2.391501665115356 2.215023994445801 1.104230165481567
v 2.370620012283325 2.518078804016113 1.074754953384399
v 2.176345109939575 2.158478736877441 1.084547758102417
v 2.137603044509888 2.473130226135254 1.042704820632935
v 1.952162981033325 2.125588417053223 1.143810987472534
v 1.902236223220825 2.443894386291504 1.092777013778687
v 1.748656511306763 5.167939186096191 1.172131299972534
v 1.864196062088013 5.174508094787598 1.209186315536499
v 1.863494157791138 5.287041664123535 1.166549444198608
v 1.755584001541138 5.283432960510254 1.129663228988648
v 1.977111101150513 5.113873481750488 1.026222944259644
v 1.896483659744263 5.090195655822754 0.9475900530815125
v 1.898337602615356 5.222027778625488 0.9384228587150574
v 1.97343373298645 5.236344337463379 1.013951539993286
v 1.79313588142395 5.089425086975098 0.9302417635917664
v 1.712844133377075 5.106438636779785 0.9739853739738464
v 1.727622270584106 5.235142707824707 0.9510309100151062
v 1.805022478103638 5.222725868225098 0.9178020358085632
v 1.694968461990356 5.138463020324707 1.07116961479187
v 1.704863786697388 5.260140419006348 1.03782057762146
v 2.269652605056763 5.14647388458252 1.132646799087524
v 2.377280473709106 5.142094612121582 1.137868165969849
v 2.38993763923645 5.274216651916504 1.090563058853149
v 2.29020619392395 5.276841163635254 1.085462331771851
v 2.461547136306763 5.114449501037598 1.065515279769898
v 2.4755699634552 5.085095405578613 0.9703523516654968
v 2.484183549880981 5.231965065002441 0.9345247149467468
v 2.470710039138794 5.253598213195801 1.022372961044312
v 2.340422868728638 5.08675479888916 0.9059397578239441
v 2.256995439529419 5.102585792541504 0.9581047892570496
v 2.278701066970825 5.252755165100098 0.9273063540458679
v 2.355605363845825 5.241398811340332 0.879255473613739
v 2.216689348220825 5.127251625061035 1.051607847213745
v 2.239379167556763 5.266133308410645 1.012050867080689
v 1.1976158618927 5.795891761779785 0.9267527461051941
v 1.214675188064575 5.723397254943848 0.9409491419792175
v 1.272620439529419 5.70787525177002 0.9444863200187683
v 1.259124040603638 5.791779518127441 0.9285094141960144
v 1.771170854568481 5.96389102935791 0.9759828448295593
v 1.787101030349731 5.884030342102051 0.9884464144706726
v 1.850333452224731 5.878422737121582 1.000020265579224
v 1.840209245681763 5.974019050598145 0.9902512431144714
v 2.85111927986145 5.361634254455566 0.9230477213859558
v 2.849456071853638 5.294259071350098 0.9292551875114441
v 2.89762806892395 5.274941444396973 0.930578887462616
v 2.907233476638794 5.357422828674316 0.9295679926872253
v 2.366164445877075 5.783696174621582 0.9740096926689148
v 2.361571550369263 5.719979286193848 0.9825994372367859
v 2.412650346755981 5.700657844543457 0.9830567240715027
v 2.420592546463013 5.778401374816895 0.9769212603569031
v 1.443740129470825 5.083123207092285 1.097035646438599
v 1.423583269119263 5.211827278137207 1.045592546463013
v 1.345290422439575 5.784321784973145 0.8804108500480652
v 1.355414628982544 5.666661262512207 0.9190050959587097
v 1.184241533279419 5.874958992004395 0.8894817233085632
v 1.241393327713013 5.896012306213379 0.8807713389396668
v 1.164679765701294 5.795796394348145 0.9040390849113464
v 1.191191911697388 5.678425788879395 0.9354874491691589
v 1.971099138259888 5.14897632598877 1.142006635665894
v 1.9643394947052 5.264592170715332 1.116260766983032
v 1.942900896072388 5.971879005432129 0.955241858959198
v 1.941359758377075 5.826645851135254 0.9854390025138855
v 1.824858903884888 6.102654457092285 0.9427058100700378
v 1.758635759353638 6.053879737854004 0.9405161738395691
v 1.73844838142395 5.948300361633301 0.9491059184074402
v 1.758879899978638 5.812569618225098 0.980578601360321
v 2.401320695877075 5.838913917541504 0.824443519115448
v 2.346915483474731 5.828423500061035 0.8380386233329773
v 2.4758141040802 5.726284980773926 0.8212434649467468
v 2.478163957595825 5.563004493713379 0.8305551409721375
v 2.432265520095825 5.231820106506348 0.8807474970817566
v 2.422637224197388 5.078888893127441 0.9090916514396668
v 2.877013444900513 4.858990669250488 0.9856554865837097
v 2.903289079666138 4.970730781555176 0.9548084139823914
v 2.973716020584106 5.340001106262207 0.8776437640190125
v 2.955161333084106 5.232758522033691 0.8950640559196472
v 2.9134361743927 5.446713447570801 0.8947274088859558
v 2.858489274978638 5.426358222961426 0.89744633436203
v 2.822608232498169 5.357541084289551 0.9028117060661316
v 2.819457292556763 5.255738258361816 0.9247075915336609
v 1.547759294509888 4.650063514709473 1.26690936088562
v 1.568068742752075 4.631897926330566 1.129013299942017
v 1.530242204666138 4.801796913146973 1.08120322227478
v 1.502524614334106 4.820755958557129 1.202208280563355
v 1.307631731033325 4.567627906799316 1.280408143997192
v 1.428344011306763 4.624463081359863 1.32966160774231
v 1.390807390213013 4.806199073791504 1.260581254959106
v 1.283423662185669 4.763897895812988 1.220157861709595
v 1.244132280349731 4.728215217590332 1.112146139144898
v 1.267272233963013 4.532525062561035 1.163469552993774
v 1.308837175369263 4.54879093170166 1.048551797866821
v 1.2829430103302 4.730404853820801 1.003629446029663
v 1.40837025642395 4.571938514709473 1.001175165176392
v 1.3759605884552 4.749749183654785 0.9586345553398132
v 1.513762712478638 4.593087196350098 1.03067421913147
v 1.475478410720825 4.771550178527832 0.9847409129142761
v 1.216315507888794 5.41057300567627 0.8377739787101746
v 1.171965837478638 5.432564735412598 0.9077927470207214
v 1.161551713943481 5.533238410949707 0.8864743113517761
v 1.203856706619263 5.50563907623291 0.8135196566581726
v 1.20072865486145 5.555710792541504 0.9605109095573425
v 1.207389116287231 5.45412540435791 0.9879891276359558
v 1.301223039627075 5.458577156066895 1.015588045120239
v 1.290251970291138 5.555497169494629 0.9834896922111511
v 1.387465715408325 5.446858406066895 0.9768969416618347
v 1.412078142166138 5.425156593322754 0.9017049670219421
v 1.399779558181763 5.521714210510254 0.8790389895439148
v 1.3714439868927 5.544835090637207 0.9477826952934265
v 1.373290300369263 5.407612800598145 0.840228259563446
v 1.366530656814575 5.500588417053223 0.8172494769096375
v 1.298049211502075 5.402657508850098 0.8170811533927918
v 1.29020619392395 5.493996620178223 0.7907816767692566
v 1.9888756275177 4.871212959289551 1.204229593276978
v 1.995452165603638 4.848618507385254 1.060582876205444
v 1.98307728767395 5.005810737609863 1.039360284805298
v 1.97685170173645 5.03490161895752 1.168233633041382
v 1.744338274002075 4.87590503692627 1.252520799636841
v 1.866431474685669 4.89091968536377 1.29236626625061
v 1.86479115486145 5.056126594543457 1.246409177780151
v 1.746581315994263 5.045491218566895 1.208079099655151
v 1.691359758377075 5.01918888092041 1.097180128097534
v 1.6910240650177 4.848835945129395 1.128435850143433
v 1.713805437088013 4.836853981018066 1.007912397384644
v 1.70878529548645 4.998234748840332 0.9891440272331238
v 1.80668568611145 4.834637641906738 0.9543272852897644
v 1.793425798416138 4.989041328430176 0.9385673403739929
v 1.914992570877075 4.841450691223145 0.9703041911125183
v 1.900603532791138 4.991471290588379 0.9553858637809753
v 1.742202043533325 5.500611305236816 0.9033891558647156
v 1.709914445877075 5.514809608459473 0.9697267413139343
v 1.709914445877075 5.625969886779785 0.9405643343925476
v 1.742324113845825 5.59731388092041 0.8739621043205261
v 1.755385637283325 5.651066780090332 1.013686895370483
v 1.755484819412231 5.530617713928223 1.047132253646851
v 1.8563072681427 5.534970283508301 1.082406282424927
v 1.8538658618927 5.657082557678223 1.046843767166138
v 1.950888872146606 5.523663520812988 1.051295042037964
v 1.970229387283325 5.504364967346191 0.9699670672416687
v 1.976683855056763 5.621014595031738 0.940323531627655
v 1.947303056716919 5.651066780090332 1.016598463058472
v 1.904860734939575 5.494309425354004 0.9034616351127625
v 1.916938066482544 5.589783668518066 0.8740822672843933
v 1.816649675369263 5.494500160217285 0.8813731074333191
v 1.8222496509552 5.583577156066895 0.8500692248344421
v 2.432837724685669 4.742196083068848 1.166188478469849
v 2.433005571365356 4.713730812072754 1.036593675613403
v 2.451369524002075 4.863995552062988 1.018402814865112
v 2.443930864334106 4.894986152648926 1.130336999893189
v 2.211516618728638 4.788971900939941 1.23283839225769
v 2.338271379470825 4.77592945098877 1.256683111190796
v 2.355117082595825 4.927227973937988 1.212699174880981
v 2.236930131912231 4.937355995178223 1.200114965438843
v 2.156005144119263 4.778576850891113 1.114793062210083
v 2.1824791431427 4.923497200012207 1.100909471511841
v 2.1973717212677 4.756943702697754 1.003869771957398
v 2.229300737380981 4.898690223693848 0.998119056224823
v 2.275908708572388 4.725495338439941 0.9501168131828308
v 2.310851335525513 4.873738288879395 0.946386992931366
v 2.364478349685669 4.709809303283691 0.9555546641349793
v 2.392150163650513 4.860482215881348 0.9499241709709168
v 2.299872636795044 5.363053321838379 0.9030281901359558
v 2.2604820728302 5.378212928771973 0.9784371256828308
v 2.271674394607544 5.482155799865723 0.9469406008720398
v 2.309783220291138 5.456147193908691 0.8748041987419128
v 2.304641008377075 5.38896656036377 1.047950506210327
v 2.312987565994263 5.500828742980957 1.015371084213257
v 2.398833513259888 5.383313179016113 1.054615259170532
v 2.404204607009888 5.489373207092285 1.026174783706665
v 2.477858781814575 5.360550880432129 0.9941489100456238
v 2.4937584400177 5.337933540344238 0.912580668926239
v 2.507163286209106 5.434323310852051 0.899756133556366
v 2.484572649002075 5.463700294494629 0.9760066866874695
v 2.463774919509888 5.425900459289551 0.8449198603630066
v 2.4457848072052 5.337067604064941 0.8623406291007996
v 2.372901201248169 5.34835147857666 0.8606321215629578
v 2.3873131275177 5.435933113098145 0.8364502787590027
v 2.81156849861145 4.569050788879395 1.060895681381226
v 2.81425404548645 4.535386085510254 0.9370753169059753
v 2.8438560962677 4.654057502746582 0.9266325831413269
v 2.8384850025177 4.687165260314941 1.031083345413208
v 2.627898454666138 4.619698524475098 1.106780767440796
v 2.727080583572388 4.603577613830566 1.129133939743042
v 2.760894060134888 4.718400001525879 1.094581365585327
v 2.667365312576294 4.72860050201416 1.079711675643921
v 2.619506120681763 4.714165687561035 0.9997555613517761
v 2.581755876541138 4.607136726379395 1.016453981399536
v 2.598235368728638 4.57631778717041 0.9155885577201843
v 2.637908220291138 4.685433387756348 0.9077445864677429
v 2.665656328201294 4.545853614807129 0.8451845049858093
v 2.706420183181763 4.656586647033691 0.8495156168937683
v 2.752089738845825 4.528481483459473 0.8496844172477722
v 2.786757707595825 4.642823219299316 0.8545686602592468
v 2.754393815994263 5.051888465881348 0.8485051989555359
v 2.739814043045044 5.075203895568848 0.9212910532951355
v 2.756346940994263 5.152417182922363 0.8999244570732117
v 2.771910905838013 5.127057075500488 0.832047164440155
v 2.802085161209106 5.159157752990723 0.94908207654953
v 2.785697221755981 5.084877967834473 0.9751402735710144
v 2.861174821853638 5.076264381408691 0.9759346842765808
v 2.875785112380981 5.144696235656738 0.9503571391105652
v 2.922271013259888 5.059567451477051 0.9298087954521179
v 2.932952165603638 5.042241096496582 0.8617870211601257
v 2.950133562088013 5.121235847473145 0.8443424105644226
v 2.937140703201294 5.133435249328613 0.9092842936515808
v 2.88664174079895 5.030739784240723 0.8113543391227722
v 2.903868913650513 5.107808113098145 0.7942950129508972
v 2.814452409744263 5.033867835998535 0.806132972240448
v 2.831267595291138 5.108193397521973 0.7909261584281921
v 1.293792009353638 5.835713386535645 0.7876779437065125
v 1.304717302322388 5.860039710998535 0.8245880007743835
v 1.303488969802856 5.867596626281738 0.8723499178886414
v 1.324401140213013 5.716683387756348 0.926247775554657
v 1.317900896072388 5.789685249328613 0.9083458781242371
v 1.905486345291138 6.056454658508301 0.8856317400932312
v 1.889647722244263 6.011147499084473 0.8375093340873718
v 1.901244401931763 6.074261665344238 0.9460503458976746
v 1.909575700759888 5.896084785461426 0.9924165606498718
v 1.908751726150513 5.980782508850098 0.982984721660614
v 2.4576256275177 5.824261665344238 0.8293282389640808
v 2.47184681892395 5.848153114318848 0.8700882792472839
v 2.47294545173645 5.850560188293457 0.9185959696769714
v 2.466262102127075 5.693367958068848 0.9629413485527039
v 2.4758141040802 5.764325141906738 0.9529315829277039
v 2.95255970954895 5.416661262512207 0.835030734539032
v 2.931632280349731 5.402657508850098 0.7985774874687195
v 2.9590904712677 5.414544105529785 0.8833944201469421
v 2.944121599197388 5.277081489562988 0.9132787585258484
v 2.957350969314575 5.346810340881348 0.9094526171684265
v 1.200507402420044 5.861027717590332 0.9144336581230164
v 1.247328996658325 5.869400978088379 0.9121715426445007
v 1.295424699783325 5.855805397033691 0.8993470072746277
v 1.7739098072052 6.042691230773926 0.9672481417655945
v 1.828368425369263 6.067883491516113 0.9761268496513367
v 1.887580156326294 6.059632301330566 0.974707305431366
v 2.375624895095825 5.84310245513916 0.9628693461418152
v 2.41996693611145 5.856865882873535 0.9633504748344421
v 2.46476674079895 5.838555335998535 0.9481675028800964
v 2.868972063064575 5.418152809143066 0.9187647700309753
v 2.914092302322388 5.426861763000488 0.9229032397270203
v 2.953429460525513 5.407326698303223 0.9101988673210144
v 2.889357805252075 5.216950416564941 0.9324795603752136
v 2.407019853591919 5.618680000305176 0.995135486125946
v 2.466040849685669 4.966351509094238 0.9981672167778015
v 2.411498308181763 4.957497596740723 0.9351503252983093
v 2.45304799079895 5.001217842102051 1.100332021713257
v 2.365996599197388 5.035214424133301 1.177713632583618
v 2.253920793533325 5.042458534240723 1.170615434646606
v 2.200980424880981 5.021309852600098 1.081516027450562
v 2.244826555252075 4.989762306213379 0.9833933711051941
v 2.329161882400513 4.966904640197754 0.9327923655509949
v 1.710562944412231 5.400757789611816 0.9997555613517761
v 1.739623308181763 5.388581275939941 0.9261271357536316
v 1.758254289627075 5.414303779602051 1.083272695541382
v 1.860488176345825 5.416298866271973 1.121554136276245
v 1.955939531326294 5.402054786682129 1.086424589157105
v 1.968688249588013 5.385575294494629 0.9962422251701355
v 1.900450944900513 5.381821632385254 0.9246594309806824
v 1.8143150806427 5.383698463439941 0.901681125164032
v 1.85319447517395 5.790890693664551 1.01486611366272
v 1.183928728103638 5.322941780090332 0.9333459734916687
v 1.22404408454895 5.307229042053223 0.8584906458854675
v 1.221633195877075 5.341614723205566 1.01664662361145
v 1.316481828689575 5.348904609680176 1.046843767166138
v 1.404044389724731 5.34074878692627 1.005650281906128
v 1.428099870681763 5.322510719299316 0.9250447154045105
v 1.384650468826294 5.307374000549316 0.8596455454826355
v 1.30558705329895 5.302659034729004 0.835704505443573
v 1.268813371658325 4.881871223449707 0.9822866320610046
v 1.22843861579895 4.893830299377441 1.075019598007202
v 1.264365434646606 4.929848670959473 1.169821500778198
v 1.363478899002075 4.96187686920166 1.20271372795105
v 1.46733021736145 4.965607643127441 1.147540807723999
v 1.494277238845825 4.940388679504395 1.043162107467651
v 1.442198991775513 4.909806251525879 0.9631578326225281
v 1.352935075759888 4.89091968536377 0.9443179965019226
v 1.280852556228638 5.646519660949707 0.9570223689079285
v 2.861342668533325 4.735962867736816 0.919991672039032
v 2.805739641189575 4.718037605285645 0.8560125231742859
v 2.8567955493927 4.770276069641113 1.011858224868774
v 2.7853844165802 4.799485206604004 1.072420835494995
v 2.69450306892395 4.805237770080566 1.061328649520874
v 2.643828630447388 4.78786563873291 0.9891921877861023
v 2.659568071365356 4.755066871643066 0.9028598666191101
v 2.725089311599731 4.725232124328613 0.8510076403617859
v 2.132117509841919 4.62374210357666 1.117704629898071
v 2.187529802322388 4.638707160949707 1.261038541793823
v 2.163161516189575 4.590752601623535 1.00235390663147
v 2.250136613845825 4.559906959533691 0.9507901072502136
v 2.353652238845825 4.547947883605957 0.9596449732780457
v 2.427062273025513 4.553288459777832 1.055457830429077
v 2.429564714431763 4.580525398254395 1.207838773727417
v 2.322875261306763 4.622681617736816 1.305479764938355
v 1.738234758377075 4.693760871887207 1.302905321121216
v 1.681639909744263 4.66127872467041 1.162314176559448
v 1.71501088142395 4.642510414123535 1.034379720687866
v 1.822135210037231 4.646576881408691 0.9808914065361023
v 1.937003374099731 4.662697792053223 0.9910208582878113
v 2.016738176345825 4.676506996154785 1.0840904712677
v 2.012099504470825 4.695034980773926 1.247997045516968
v 1.87480092048645 4.713250160217285 1.349247694015503
v 1.030486345291138 3.795376777648926 0.9079849123954773
v 1.075225114822388 3.726658821105957 0.9720126986503601
v 0.8251946568489075 4.108563423156738 0.6441757082939148
v 0.7441399693489075 4.185727119445801 0.5796186327934265
v 0.4291680157184601 4.264286994934082 0.3997837901115418
v 0.4638893902301788 4.299824714660645 0.3925167918205261
v 0.8615792393684387 3.629040718078613 0.9390241503715515
v 0.9022210240364075 3.511380195617676 1.03209376335144
v 1.276732683181763 3.075459480285645 1.446046590805054
v 1.090979814529419 3.237153053283691 1.271072149276733
v 0.68818598985672 4.249321937561035 0.414172351360321
v 0.6665108799934387 4.205914497375488 0.3193222880363464
v 0.5828011631965637 4.262459754943848 0.2981721758842468
v 0.5928338170051575 4.299225807189941 0.3649908900260925
v 0.607589066028595 4.158730506896973 0.2866708636283875
v 0.5655282139778137 4.12968921661377 0.3110930323600769
v 0.51307612657547 4.189671516418457 0.2897264361381531
v 0.5421136021614075 4.220711708068848 0.275554358959198
v 0.53785640001297 4.118161201477051 0.3443462252616882
v 0.5064995884895325 4.123406410217285 0.4126803278923035
v 0.4521935284137726 4.179902076721191 0.3737971186637878
v 0.4875176250934601 4.175019264221191 0.3144375681877136
v 0.4869683086872101 4.159764289855957 0.4785849452018738
v 0.4383385479450226 4.209233283996582 0.43390291929245
v 0.5045769810676575 4.193402290344238 0.5181419253349304
v 0.5656426548957825 4.235100746154785 0.5424196124076843
v 0.4966881573200226 4.283658027648926 0.4628245234489441
v 0.4531548321247101 4.242825508117676 0.4591910243034363
v 0.6458428502082825 4.259690284729004 0.5080601572990418
v 0.5573952794075012 4.308777809143066 0.4334937930107117
v 1.017737627029419 3.891911506652832 0.6953784823417664
v 0.9745705723762512 3.894391059875488 0.8255988955497742
v 0.9865105748176575 3.828125953674316 0.5647007822990418
v 0.8063576817512512 3.703679084777832 0.5986272692680359
v 0.8958428502082825 3.749611854553223 0.5302926898002625
v 0.77705317735672 3.71486759185791 0.7252623438835144
v 0.8110268712043762 3.767731666564941 0.834356963634491
v 0.8872063755989075 3.838784217834473 0.8764888644218445
v 0.94514399766922 3.719849586486816 0.9739372134208679
v 0.5292428135871887 4.288830757141113 0.300024688243866
v 0.51997309923172 4.313157081604004 0.3386675715446472
v 0.50770503282547 4.319870948791504 0.3848416209220886
v 0.4248192608356476 4.22634220123291 0.3498079180717468
v 0.4552758038043976 4.212986946105957 0.3094088435173035
v 0.4179375469684601 4.238926887512207 0.3974253535270691
v 0.87544184923172 4.04973316192627 0.6931888461112976
v 0.7772896885871887 4.019726753234863 0.7435733675956726
v 0.82569819688797 3.947567939758301 0.7938858866691589
v 0.91877681016922 3.986836433410645 0.746412456035614
v 0.6889641880989075 3.960824012756348 0.6990835070610046
v 0.74598628282547 3.886693000793457 0.7497569918632507
v 0.659774124622345 3.903557777404785 0.5857064127922058
v 0.711959183216095 3.832768440246582 0.6401330828666687
v 0.7004616856575012 3.885994911193848 0.4664337038993835
v 0.7431023716926575 3.814385414123535 0.5192243456840515
v 0.78340083360672 3.914578437805176 0.4059674143791199
v 0.8276970982551575 3.845643043518066 0.4577476382255554
v 0.92024165391922 3.911377906799316 0.4942728877067566
v 0.87293940782547 3.974106788635254 0.4469200968742371
v 0.9163201451301575 4.032528877258301 0.5698496699333191
v 0.9613335728645325 3.974202156066895 0.6207396388053894
v 0.9974969029426575 3.629208564758301 1.058128595352173
v 1.742202043533325 2.114590644836426 1.229421854019165
v 1.690879106521606 2.423298835754395 1.171048879623413
v 1.187590837478638 3.393937110900879 1.335628747940064
v 1.090758562088013 3.561116218566895 1.174441576004028
v 0.971419632434845 3.392277717590332 1.13534140586853
v 0.921370804309845 3.299111366271973 0.9901787638664246
v 0.97346431016922 3.311863899230957 0.7963883280754089
v 1.087035417556763 3.446393013000488 0.6788961291313171
v 1.209891557693481 3.301445960998535 0.7283422350883484
v 1.27555775642395 3.550145149230957 0.7457148432731628
v 1.16178822517395 3.612607002258301 0.719150722026825
v 1.163832902908325 3.711091041564941 0.8774992823600769
v 1.268676042556763 3.781926155090332 0.9487211108207703
v 1.129882097244263 3.70247745513916 1.035943746566773
v 1.303275346755981 3.559914588928223 1.399752378463745
v 0.5530617833137512 4.083416938781738 0.4471122622489929
v 0.5289300084114075 4.119194984436035 0.5020930171012878
v 0.5713494420051575 4.078484535217285 0.3819300532341003
v 1.421996355056763 2.437497138977051 1.438275098800659
v 1.468627214431763 2.162640571594238 1.479804754257202
v 1.410826921463013 3.381978034973145 1.52001166343689
v 1.28691029548645 3.276902198791504 1.445252656936646
v 1.563018083572388 2.122818946838379 1.33069634437561
v 1.514197587966919 2.412808418273926 1.277857542037964
v 1.32365345954895 4.389817237854004 1.081756830215454
v 1.710540056228638 4.549630165100098 1.363684415817261
v 1.430419206619263 4.413586616516113 1.029399156570435
v 1.562773942947388 4.468857765197754 1.04248833656311
v 1.31071400642395 4.119847297668457 1.067753076553345
v 1.426635026931763 3.801201820373535 0.9315173029899597
v 1.433226823806763 4.135293006896973 1.014793634414673
v 1.672209978103638 4.500836372375488 1.032118082046509
v 1.817656755447388 4.502713203430176 0.9829122424125671
v 1.981993913650513 4.534714698791504 0.9843317866325378
v 2.052161455154419 4.587094306945801 1.098623991012573
v 2.104689836502075 4.498261451721191 0.9756938815116882
v 2.1038658618927 4.565342903137207 1.110413789749146
v 2.161574602127075 4.542820930480957 1.303218126296997
v 2.443236589431763 4.46599292755127 1.063181161880493
v 2.369025468826294 4.415032386779785 0.9425613284111023
v 2.475280046463013 4.34963321685791 0.9232398867607117
v 2.490897417068481 4.427159309387207 1.055072546005249
v 2.5425865650177 4.394772529602051 1.204277753829956
v 2.546141862869263 4.437817573547363 0.9337789416313171
v 2.535483598709106 4.481274604797363 1.04106879234314
v 2.587172746658325 4.487671852111816 1.143329858779907
v 2.227111101150513 4.429539680480957 0.9332014918327332
v 2.609709978103638 4.39867115020752 0.8613058924674988
v 2.560385942459106 4.272541999816895 0.8615466952323914
v 2.701819658279419 4.376511573791504 0.868259608745575
v 2.664183855056763 4.240418434143066 0.8761760592460632
v 2.669799089431763 4.331345558166504 1.22530722618103
v 2.694121599197388 4.46120548248291 1.176606893539429
v 2.779227495193481 4.420205116271973 1.103460073471069
v 2.772391557693481 4.382668495178223 0.9657804369926453
v 1.603301286697388 4.544987678527832 1.160220861434937
v 1.65202260017395 4.561253547668457 1.174345254898071
v 2.632445573806763 4.135437965393066 1.291596651077271
v 1.60526967048645 4.236760139465332 0.9929458498954773
v 1.798339128494263 4.243016242980957 0.9642407298088074
v 2.0092613697052 4.294507026672363 0.9336344599723816
v 2.182624101638794 4.193161964416504 0.9036538004875183
v 2.352736711502075 4.162701606750488 0.8704249262809753
v 1.598410844802856 3.836667060852051 0.966622531414032
v 2.697997331619263 3.81313419342041 1.209161996841431
v 2.718230485916138 3.770112037658691 1.009572267532349
v 1.688979387283325 -1.008967399597168 1.775784730911255
v 1.636550188064575 -0.984522819519043 1.342871427536011
v 1.612509965896606 -0.9893827438354492 1.565030336380005
v 1.679328203201294 -0.4629888236522675 1.769240140914917
v 1.639189958572388 -0.4546155631542206 1.351725816726685
v 1.596434831619263 -0.4523801505565643 1.564621686935425
v 1.68168568611145 0.1273317486047745 1.763007879257202
v 1.566336870193481 1.282448768615723 1.543086767196655
v 1.595427751541138 0.7166719436645508 1.556969881057739
v 1.643981218338013 1.249295234680176 1.370469808578491
v 1.66032338142395 0.694005012512207 1.365681409835815
v 1.524657487869263 1.768082618713379 1.515848875045776
v 1.610755205154419 1.728501319885254 1.362385034561157
v 1.6544029712677 0.1122942194342613 1.355551958084106
v 1.597045183181763 0.124108336865902 1.558991193771362
v 2.630858659744263 4.027066230773926 0.8511521220207214
v 2.486907243728638 4.063878059387207 0.831277072429657
v 2.601104021072388 3.758397102355957 0.8523790240287781
v 1.778464555740356 3.876824378967285 0.9720608592033386
v 1.952666521072388 3.903630256652832 0.9496833682060242
v 2.111541032791138 3.887101173400879 0.9138800501823425
v 2.421744585037231 3.790085792541504 0.8221098780632019
v 2.259185075759888 3.846821784973145 0.8638564944267273
v 1.429167985916138 3.112973213195801 0.8095976710319519
v 1.444274187088013 3.495694160461426 0.7870041728019714
v 1.776519060134888 3.193482398986816 0.8302423357963562
v 2.174323320388794 3.212418556213379 0.8089720606803894
v 2.350379228591919 3.512345314025879 0.8021389842033386
v 1.777312517166138 3.574711799621582 0.8974944949150085
v 1.633208513259888 3.513524055480957 0.8579851984977722
v 2.039672136306763 3.628464698791504 0.8748523592948914
v 2.1655113697052 3.584118843078613 0.840709388256073
v 1.910269975662231 3.626080513000488 0.894847571849823
v 1.863784074783325 3.387200355529785 0.8522107005119324
v 2.031874895095825 3.399495124816895 0.836859405040741
v 1.910460710525513 3.477719306945801 0.8613058924674988
v 1.983588457107544 3.483494758605957 0.8546649813652039
v 2.57646107673645 3.875645637512207 1.35047459602356
v 2.432334184646606 3.961136817932129 1.440320253372192
v 2.2740318775177 4.045929908752441 1.502904176712036
v 2.113906145095825 4.114048957824707 1.531729459762573
v 1.944701433181763 4.12468433380127 1.566787004470825
v 1.758948564529419 4.07793140411377 1.567629098892212
v 1.582335710525513 3.946579933166504 1.552494764328003
v 1.425170183181763 3.761910438537598 1.487673044204712
v 2.156615495681763 3.794610023498535 1.564621686935425
v 2.331275224685669 3.697136878967285 1.509304285049439
v 1.551902055740356 3.558518409729004 1.582715749740601
v 1.735465288162231 3.733372688293457 1.606632947921753
v 2.180815935134888 3.489197731018066 1.587504148483276
v 1.951750993728638 3.39424991607666 1.650015592575073
v 1.715392351150513 3.411503791809082 1.643735647201538
v 1.955199480056763 3.743020057678223 1.610603094100952
v 1.797850847244263 3.553658485412598 1.635963678359985
v 1.9539635181427 3.563569068908691 1.632691144943237
v 2.102858781814575 3.600888252258301 1.601026296615601
v 2.078704118728638 3.941960334777832 1.567460775375366
v 1.95500111579895 3.922833442687988 1.593591451644898
v 1.818618059158325 3.911499977111816 1.595877408981323
v 2.433287858963013 3.586930274963379 1.450302839279175
v 2.406371355056763 3.506718635559082 1.471873044967651
v 2.4061119556427 3.528111457824707 1.469599008560181
v 2.405852556228638 3.560235023498535 1.466115713119507
v 2.405509233474731 3.569973945617676 1.465248823165894
v 2.4055016040802 3.477681159973145 1.475579023361206
v 2.403662919998169 3.591362953186035 1.466778516769409
v 2.401580095291138 3.608620643615723 1.468342542648315
v 2.435019731521606 3.650940895080566 1.449144601821899
v 2.434890031814575 3.653035163879395 1.449100255966187
v 2.434630632400513 3.656880378723145 1.449039220809937
v 2.434272050857544 3.662739753723145 1.448914766311646
v 2.428923845291138 3.717686653137207 1.448973417282105
v 2.422415971755981 3.766144752502441 1.450214624404907
v 2.421607255935669 3.774117469787598 1.450581789016724
v 2.417540788650513 3.818413734436035 1.452344655990601
v 2.416030168533325 3.900399208068848 1.45178484916687
v 2.415419816970825 3.889523506164551 1.4523766040802
v 2.415068864822388 3.871098518371582 1.452933549880981
v 2.394011735916138 3.667012214660645 1.473052740097046
v 2.383887529373169 3.730088233947754 1.475531816482544
v 2.383170366287231 3.733975410461426 1.475741147994995
v 2.381430864334106 3.742264747619629 1.476654291152954
v 2.423499345779419 3.964116096496582 1.443898439407349
v 2.419196367263794 3.932717323303223 1.448606729507446
v 2.378958940505981 3.959568977355957 1.462890386581421
v 2.376891374588013 3.949139595031738 1.464271306991577
v 2.374106645584106 3.931134223937988 1.466318845748901
v 2.370635271072388 3.909695625305176 1.469773054122925
v 2.368972063064575 3.894822120666504 1.47212290763855
v 2.368071794509888 3.802681922912598 1.483098745346069
v 2.367888689041138 3.886475563049316 1.473496675491333
v 2.366309404373169 3.867535591125488 1.476285696029663
v 2.366164445877075 3.822403907775879 1.481548070907593
v 2.36552357673645 3.84898853302002 1.478727102279663
v 2.365470170974731 3.842293739318848 1.479519128799439
v 2.43131947517395 4.071850776672363 1.418213605880737
v 2.431151628494263 4.06590747833252 1.419509172439575
v 2.42887806892395 4.05049991607666 1.423805475234985
v 2.4278404712677 4.043408393859863 1.425777673721314
v 2.427703142166138 4.068207740783691 1.420782804489136
v 2.425414323806763 4.01693058013916 1.432416677474976
v 2.42436146736145 3.989655494689941 1.438518285751343
v 2.42399525642395 3.973198890686035 1.44206690788269
v 2.42069935798645 4.056916236877441 1.426624059677124
v 2.417945146560669 4.051770210266113 1.429067850112915
v 2.413298845291138 4.04207706451416 1.433390855789185
v 2.409270524978638 4.034428596496582 1.436987161636353
v 2.402068376541138 4.018712043762207 1.443833589553833
v 2.400099992752075 4.015374183654785 1.445508241653442
v 2.3979332447052 4.00954532623291 1.447792291641235
v 2.395598649978638 4.00456714630127 1.449989557266235
v 2.386992692947388 3.988167762756348 1.45768666267395
v 2.385855913162231 3.986031532287598 1.45869517326355
v 2.404616594314575 3.462883949279785 1.47768759727478
v 2.395865678787231 3.65523624420166 1.472608804702759
v 2.369323015213013 3.79653263092041 1.483331918716431
v 2.437155961990356 3.517891883850098 1.455101728439331
v 2.436728715896606 3.513840675354004 1.455207586288452
v 2.4360191822052 3.629185676574707 1.449796438217163
v 2.435248613357544 3.497742652893066 1.455458402633667
v 2.434516191482544 3.489426612854004 1.455561399459839
v 2.432677507400513 3.469819068908691 1.45589280128479
v 2.430495500564575 3.438626289367676 1.455834150314331
v 2.427893877029419 3.41817569732666 1.456725358963013
v 2.4251549243927 3.400082588195801 1.457853555679321
v 2.419379472732544 3.376164436340332 1.461055040359497
v 2.418982744216919 3.37517261505127 1.46131157875061
v 2.413512468338013 3.362210273742676 1.464896440505981
v 2.406058549880981 3.369084358215332 1.471182107925415
v 2.404738664627075 3.375931739807129 1.47261643409729
v 2.40421986579895 3.448296546936035 1.477168798446655
v 2.40312123298645 3.424740791320801 1.47668719291687
v 2.4028160572052 3.414776802062988 1.476360082626343
v 2.417723894119263 3.922978401184082 1.450291395187378
v 2.423705339431763 3.965756416320801 1.443729639053345
v 2.425673723220825 4.063271522521973 1.41761040687561
v 2.425673723220825 4.063271522521973 1.41761040687561
v 2.40873646736145 4.031594276428223 1.43606448173523
v 2.43131947517395 4.071850776672363 1.418213605880737
v 2.43131947517395 4.071850776672363 1.418213605880737
v 2.431151628494263 4.06590747833252 1.419509172439575
v 2.42887806892395 4.05049991607666 1.423805475234985
v 2.427703142166138 4.068207740783691 1.420782804489136
v 2.42069935798645 4.056916236877441 1.426624059677124
v 2.413298845291138 4.04207706451416 1.433390855789185
v 2.409270524978638 4.034428596496582 1.436987161636353
v 2.402068376541138 4.018712043762207 1.443833589553833
vt 0.5 0.5
vt 0.5 0.5
vt 0.5 0.5
vt 0.5 0.5
vt 0.5 0.5
vt 0.5 0.5
vt 0.5 0.5
vt 0.5 0.5
vt 0.5 0.5
vt 0.5 0.5
vt 0.5 0.5
vt 0.5 0.5
vt 0.5 0.5
vt 0.5 0.5
vt 0.5 0.5
vt 0.5 0.5
vt 0.5 0.5
vt 0.5 0.5
vt 0.5 0.5
vt 0.5 0.5
vt 0.5 0.5
vt 0.5 0.5
vt 0.5 0.5
vt 0.5 0.5
vt 0.5 0.5
vt 0.5 0.5
vt 0.5 0.5
vt 0.5 0.5
vt 0.5 0.5
vt 0.5 0.5
vt 0.5 0.5
vt 0.5 0.5
vt 0.5 0.5
vt 0.5 0.5
vt 0.5 0.5
vt 0.5 0.5
vt 0.5 0.5
vt 0.5 0.5
vt 0.5 0.5
vt 0.5 0.5
vt 0.5 0.5
vt 0.5 0.5
vt 0.5 0.5
vt 0.5 0.5
vt 0.5 0.5
vt 0.5 0.5
vt 0.5 0.5
vt 0.5 0.5
vt 0.5 0.5
vt 0.5 0.5
vt 0.5 0.5
vt 0.5 0.5
vt 0.5 0.5
vt 0.5 0.5
vt 0.5 0.5
vt 0.5 0.5
vt 0.5 0.5
vt 0.5 0.5
vt 0.5 0.5
vt 0.5 0.5
vt 0.5 0.5
vt 0.5 0.5
vt 0.5 0.5
vt 0.5 0.5
vt 0.5 0.5
vt 0.5 0.5
vt 0.5 0.5
vt 0.5 0.5
vt 0.5 0.5
vt 0.5 0.5
vt 0.5 0.5
vt 0.5 0.5
vt 0.5 0.5
vt 0.5 0.5
vt 0.5 0.5
vt 0.5 0.5
vt 0.5 0.5
vt 0.5 0.5
vt 0.5 0.5
vt 0.5 0.5
vt 0.5 0.5
vt 0.5 0.5
vt 0.5 0.5
vt 0.5 0.5
vt 0.5 0.5
vt 0.5 0.5
vt 0.5 0.5
vt 0.5 0.5
vt 0.5 0.5
vt 0.5 0.5
vt 0.5 0.5
vt 0.5 0.5
vt 0.5 0.5
vt 0.5 0.5
vt 0.5 0.5
vt 0.5 0.5
vt 0.5 0.5
vt 0.5 0.5
vt 0.5 0.5
vt 0.5 0.5
vt 0.5 0.5
vt 0.5 0.5
vt 0.5 0.5
vt 0.5 0.5
vt 0.5 0.5
vt 0.5 0.5
vt 0.5 0.5
vt 0.5 0.5
vt 0.5 0.5
vt 0.5 0.5
vt 0.5 0.5
vt 0.5 0.5
vt 0.5 0.5
vt 0.5 0.5
vt 0.5 0.5
vt 0.5 0.5
vt 0.5 0.5
vt 0.5 0.5
vt 0.5 0.5
vt 0.5 0.5
vt 0.5 0.5
vt 0.5 0.5
vt 0.5 0.5
vt 0.5 0.5
vt 0.5 0.5
vt 0.5 0.5
vt 0.5 0.5
vt 0.5 0.5
vt 0.5 0.5
vt 0.5 0.5
vt 0.5 0.5
vt 0.5 0.5
vt 0.5 0.5
vt 0.5 0.5
vt 0.5 0.5
vt 0.5 0.5
vt 0.5 0.5
vt 0.5 0.5
vt 0.5 0.5
vt 0.5 0.5
vt 0.5 0.5
vt 0.5 0.5
vt 0.5 0.5
vt 0.5 0.5
vt 0.5 0.5
vt 0.5 0.5
vt 0.5 0.5
vt 0.5 0.5
vt 0.5 0.5
vt 0.5 0.5
vt 0.5 0.5
vt 0.5 0.5
vt 0.5 0.5
vt 0.5 0.5
vt 0.5 0.5
vt 0.5 0.5
vt 0.5 0.5
vt 0.5 0.5
vt 0.5 0.5
vt 0.5 0.5
vt 0.5 0.5
vt 0.5 0.5
vt 0.5 0.5
vt 0.5 0.5
vt 0.5 0.5
vt 0.5 0.5
vt 0.5 0.5
vt 0.5 0.5
vt 0.5 0.5
vt 0.5 0.5
vt 0.5 0.5
vt 0.5 0.5
vt 0.5 0.5
vt 0.5 0.5
vt 0.5 0.5
vt 0.5 0.5
vt 0.5 0.5
vt 0.5 0.5
vt 0.5 0.5
vt 0.5 0.5
vt 0.5 0.5
vt 0.5 0.5
vt 0.5 0.5
vt 0.5 0.5
vt 0.5 0.5
vt 0.5 0.5
vt 0.5 0.5
vt 0.5 0.5
vt 0.5 0.5
vt 0.5 0.5
vt 0.5 0.5
vt 0.5 0.5
vt 0.5 0.5
vt 0.5 0.5
vt 0.5 0.5
vt 0.5 0.5
vt 0.5 0.5
vt 0.5 0.5
vt 0.5 0.5
vt 0.5 0.5
vt 0.5 0.5
vt 0.5 0.5
vt 0.5 0.5
vt 0.5 0.5
vt 0.5 0.5
vt 0.5 0.5
vt 0.5 0.5
vt 0.5 0.5
vt 0.5 0.5
vt 0.5 0.5
vt 0.5 0.5
vt 0.5 0.5
vt 0.5 0.5
vt 0.5 0.5
vt 0.5 0.5
vt 0.5 0.5
vt 0.5 0.5
vt 0.5 0.5
vt 0.5 0.5
vt 0.5 0.5
vt 0.5 0.5
vt 0.5 0.5
vt 0.5 0.5
vt 0.5 0.5
vt 0.5 0.5
vt 0.5 0.5
vt 0.5 0.5
vt 0.5 0.5
vt 0.5 0.5
vt 0.5 0.5
vt 0.5 0.5
vt 0.5 0.5
vt 0.5 0.5
vt 0.5 0.5
vt 0.5 0.5
vt 0.5 0.5
vt 0.5 0.5
vt 0.5 0.5
vt 0.5 0.5
vt 0.5 0.5
vt 0.5 0.5
vt 0.5 0.5
vt 0.5 0.5
vt 0.5 0.5
vt 0.5 0.5
vt 0.5 0.5
vt 0.5 0.5
vt 0.5 0.5
vt 0.5 0.5
vt 0.5 0.5
vt 0.5 0.5
vt 0.5 0.5
vt 0.5 0.5
vt 0.5 0.5
vt 0.5 0.5
vt 0.5 0.5
vt 0.5 0.5
vt 0.5 0.5
vt 0.5 0.5
vt 0.5 0.5
vt 0.5 0.5
vt 0.5 0.5
vt 0.5 0.5
vt 0.5 0.5
vt 0.5 0.5
vt 0.5 0.5
vt 0.5 0.5
vt 0.5 0.5
vt 0.5 0.5
vt 0.5 0.5
vt 0.5 0.5
vt 0.5 0.5
vt 0.5 0.5
vt 0.5 0.5
vt 0.5 0.5
vt 0.5 0.5
vt 0.5 0.5
vt 0.5 0.5
vt 0.5 0.5
vt 0.5 0.5
vt 0.5 0.5
vt 0.5 0.5
vt 0.5 0.5
vt 0.5 0.5
vt 0.5 0.5
vt 0.5 0.5
vt 0.5 0.5
vt 0.5 0.5
vt 0.5 0.5
vt 0.5 0.5
vt 0.5 0.5
vt 0.5 0.5
vt 0.5 0.5
vt 0.5 0.5
vt 0.5 0.5
vt 0.5 0.5
vt 0.5 0.5
vt 0.5 0.5
vt 0.5 0.5
vt 0.5 0.5
vt 0.5 0.5
vt 0.5 0.5
vt 0.5 0.5
vt 0.5 0.5
vt 0.5 0.5
vt 0.5 0.5
vt 0.5 0.5
vt 0.5 0.5
vt 0.5 0.5
vt 0.5 0.5
vt 0.5 0.5
vt 0.5 0.5
vt 0.5 0.5
vt 0.5 0.5
vt 0.5 0.5
vt 0.5 0.5
vt 0.5 0.5
vt 0.5 0.5
vt 0.5 0.5
vt 0.5 0.5
vt 0.5 0.5
vt 0.5 0.5
vt 0.5 0.5
vt 0.5 0.5
vt 0.5 0.5
vt 0.5 0.5
vt 0.5 0.5
vt 0.5 0.5
vt 0.5 0.5
vt 0.5 0.5
vt 0.5 0.5
vt 0.5 0.5
vt 0.5 0.5
vt 0.5 0.5
vt 0.5 0.5
vt 0.5 0.5
vt 0.5 0.5
vt 0.5 0.5
vt 0.5 0.5
vt 0.5 0.5
vt 0.5 0.5
vt 0.5 0.5
vt 0.5 0.5
vt 0.5 0.5
vt 0.5 0.5
vt 0.5 0.5
vt 0.5 0.5
vt 0.5 0.5
vt 0.5 0.5
vt 0.5 0.5
vt 0.5 0.5
vt 0.5 0.5
vt 0.5 0.5
vt 0.5 0.5
vt 0.5 0.5
vt 0.5 0.5
vt 0.5 0.5
vt 0.5 0.5
vt 0.5 0.5
vt 0.5 0.5
vt 0.5 0.5
vt 0.5 0.5
vt 0.5 0.5
vt 0.5 0.5
vt 0.5 0.5
vt 0.5 0.5
vt 0.5 0.5
vt 0.5 0.5
vt 0.5 0.5
vt 0.5 0.5
vt 0.5 0.5
vt 0.5 0.5
vt 0.5 0.5
vt 0.5 0.5
vt 0.5 0.5
vt 0.5 0.5
vt 0.5 0.5
vt 0.5 0.5
vt 0.5 0.5
vt 0.5 0.5
vt 0.5 0.5
vt 0.5 0.5
vt 0.5 0.5
vt 0.5 0.5
vt 0.5 0.5
vt 0.5 0.5
vt 0.5 0.5
vt 0.5 0.5
vt 0.5 0.5
vt 0.5 0.5
vt 0.5 0.5
vt 0.5 0.5
vt 0.5 0.5
vt 0.5 0.5
vt 0.5 0.5
vt 0.5 0.5
vt 0.5 0.5
vt 0.5 0.5
vt 0.5 0.5
vt 0.5 0.5
vt 0.5 0.5
vt 0.5 0.5
vt 0.5 0.5
vt 0.5 0.5
vt 0.5 0.5
vt 0.5 0.5
vt 0.5 0.5
vt 0.5 0.5
vt 0.5 0.5
vt 0.5 0.5
vt 0.5 0.5
vt 0.5 0.5
vt 0.5 0.5
vt 0.5 0.5
vt 0.5 0.5
vt 0.5 0.5
vt 0.5 0.5
vt 0.5 0.5
vt 0.5 0.5
vt 0.5 0.5
vt 0.5 0.5
vt 0.5 0.5
vt 0.5 0.5
vt 0.5 0.5
vt 0.5 0.5
vt 0.5 0.5
vt 0.5 0.5
vt 0.5 0.5
vt 0.5 0.5
vt 0.5 0.5
vt 0.5 0.5
vt 0.5 0.5
vt 0.5 0.5
vt 0.5 0.5
vt 0.5 0.5
vt 0.5 0.5
vt 0.5 0.5
vt 0.5 0.5
vt 0.5 0.5
vt 0.5 0.5
vt 0.5 0.5
vt 0.5 0.5
vt 0.5 0.5
vt 0.5 0.5
vt 0.5 0.5
vt 0.5 0.5
vt 0.5 0.5
vt 0.5 0.5
vt 0.5 0.5
vt 0.5 0.5
vt 0.5 0.5
vt 0.5 0.5
vt 0.5 0.5
vt 0.5 0.5
vt 0.5 0.5
vt 0.5 0.5
vt 0.5 0.5
vt 0.5 0.5
vt 0.5 0.5
vt 0.5 0.5
vt 0.5 0.5
vt 0.5 0.5
vt 0.5 0.5
vt 0.5 0.5
vt 0.5 0.5
vt 0.5 0.5
vt 0.5 0.5
vt 0.5 0.5
vt 0.5 0.5
vt 0.5 0.5
vt 0.5 0.5
vt 0.5 0.5
vt 0.5 0.5
vt 0.5 0.5
vt 0.5 0.5
vt 0.5 0.5
vt 0.5 0.5
vt 0.5 0.5
vt 0.5 0.5
vt 0.5 0.5
vt 0.5 0.5
vt 0.5 0.5
vt 0.5 0.5
vt 0.5 0.5
vt 0.5 0.5
vt 0.5 0.5
vt 0.5 0.5
vt 0.5 0.5
vt 0.5 0.5
vt 0.5 0.5
vt 0.5 0.5
vt 0.5 0.5
vt 0.5 0.5
vt 0.5 0.5
vt 0.5 0.5
vt 0.5 0.5
vt 0.5 0.5
vt 0.5 0.5
vt 0.5 0.5
vt 0.5 0.5
vt 0.5 0.5
vt 0.5 0.5
vt 0.5 0.5
vt 0.5 0.5
vt 0.5 0.5
vt 0.5 0.5
vt 0.5 0.5
vt 0.5 0.5
vt 0.5 0.5
vt 0.5 0.5
vt 0.5 0.5
vt 0.5 0.5
vt 0.5 0.5
vt 0.5 0.5
vt 0.5 0.5
vt 0.5 0.5
vt 0.5 0.5
vt 0.5 0.5
vt 0.5 0.5
vt 0.5 0.5
vt 0.5 0.5
vt 0.5 0.5
vt 0.5 0.5
vt 0.5 0.5
vt 0.5 0.5
vt 0.5 0.5
vt 0.5 0.5
vt 0.5 0.5
vt 0.5 0.5
vt 0.5 0.5
vt 0.5 0.5
vt 0.5 0.5
vt 0.5 0.5
vt 0.5 0.5
vt 0.5 0.5
vt 0.5 0.5
vt 0.5 0.5
vt 0.5 0.5
vt 0.5 0.5
vt 0.5 0.5
vt 0.5 0.5
vt 0.5 0.5
vt 0.5 0.5
vt 0.5 0.5
vt 0.5 0.5
vt 0.5 0.5
vt 0.5 0.5
vt 0.5 0.5
vt 0.5 0.5
vt 0.5 0.5
vt 0.5 0.5
vt 0.5 0.5
vt 0.5 0.5
vt 0.5 0.5
vt 0.5 0.5
vt 0.5 0.5
vt 0.5 0.5
vt 0.5 0.5
vt 0.5 0.5
vt 0.5 0.5
vt 0.5 0.5
vt 0.5 0.5
vt 0.5 0.5
vt 0.5 0.5
vt 0.5 0.5
vt 0.5 0.5
vt 0.5 0.5
vt 0.5 0.5
vt 0.5 0.5
vt 0.5 0.5
vt 0.5 0.5
vt 0.5 0.5
vt 0.5 0.5
vt 0.5 0.5
vt 0.5 0.5
vt 0.5 0.5
vt 0.5 0.5
vt 0.5 0.5
vt 0.5 0.5
vt 0.5 0.5
vt 0.5 0.5
vt 0.5 0.5
vt 0.5 0.5
vt 0.5 0.5
vt 0.5 0.5
vt 0.5 0.5
vt 0.5 0.5
vt 0.5 0.5
vt 0.5 0.5
vt 0.5 0.5
vt 0.5 0.5
vt 0.5 0.5
vt 0.5 0.5
vt 0.5 0.5
vt 0.5 0.5
vt 0.5 0.5
vt 0.5 0.5
vt 0.5 0.5
vt 0.5 0.5
vt 0.5 0.5
vt 0.5 0.5
vt 0.5 0.5
vt 0.5 0.5
vt 0.5 0.5
vt 0.5 0.5
vt 0.5 0.5
vt 0.5 0.5
vt 0.5 0.5
vt 0.5 0.5
vt 0.5 0.5
vt 0.5 0.5
vt 0.5 0.5
vt 0.5 0.5
vt 0.5 0.5
vt 0.5 0.5
vt 0.5 0.5
vt 0.5 0.5
vt 0.5 0.5
vt 0.5 0.5
vt 0.5 0.5
vt 0.5 0.5
vt 0.5 0.5
vt 0.5 0.5
vt 0.5 0.5
vt 0.5 0.5
vt 0.5 0.5
vt 0.5 0.5
vt 0.5 0.5
vt 0.5 0.5
vt 0.5 0.5
vt 0.5 0.5
vt 0.5 0.5
vt 0.5 0.5
vt 0.5 0.5
vt 0.5 0.5
vt 0.5 0.5
vt 0.5 0.5
vt 0.5 0.5
vt 0.5 0.5
vt 0.5 0.5
vt 0.5 0.5
vt 0.5 0.5
vt 0.5 0.5
vt 0.5 0.5
vt 0.5 0.5
vt 0.5 0.5
vt 0.5 0.5
vt 0.5 0.5
vt 0.5 0.5
vt 0.5 0.5
vt 0.5 0.5
vt 0.5 0.5
vt 0.5 0.5
vt 0.5 0.5
vt 0.5 0.5
vt 0.5 0.5
vt 0.5 0.5
vt 0.5 0.5
vt 0.5 0.5
vt 0.5 0.5
vt 0.5 0.5
vt 0.5 0.5
vt 0.5 0.5
vt 0.5 0.5
vt 0.5 0.5
vt 0.5 0.5
vt 0.5 0.5
vt 0.5 0.5
vt 0.5 0.5
vt 0.5 0.5
vt 0.5 0.5
vt 0.5 0.5
vt 0.5 0.5
vt 0.5 0.5
vt 0.5 0.5
vt 0.5 0.5
vt 0.5 0.5
vt 0.5 0.5
vt 0.5 0.5
vt 0.5 0.5
vt 0.5 0.5
vt 0.5 0.5
vt 0.5 0.5
vt 0.5 0.5
vt 0.5 0.5
vt 0.5 0.5
vt 0.5 0.5
vt 0.5 0.5
vt 0.5 0.5
vt 0.5 0.5
vt 0.5 0.5
vt 0.5 0.5
vt 0.5 0.5
vt 0.5 0.5
vt 0.5 0.5
vt 0.5 0.5
vt 0.5 0.5
vt 0.5 0.5
vt 0.5 0.5
vt 0.5 0.5
vt 0.5 0.5
vt 0.5 0.5
vt 0.5 0.5
vt 0.5 0.5
vt 0.5 0.5
vt 0.5 0.5
vt 0.5 0.5
vt 0.5 0.5
vt 0.5 0.5
vt 0.5 0.5
vt 0.5 0.5
vt 0.5 0.5
vt 0.5 0.5
vt 0.5 0.5
vt 0.5 0.5
vt 0.5 0.5
vt 0.5 0.5
vt 0.5 0.5
vt 0.5 0.5
vt 0.5 0.5
vt 0.5 0.5
vt 0.5 0.5
vt 0.5 0.5
vt 0.5 0.5
vt 0.5 0.5
vt 0.5 0.5
vt 0.5 0.5
vt 0.5 0.5
vt 0.5 0.5
vt 0.5 0.5
vt 0.5 0.5
vt 0.5 0.5
vt 0.5 0.5
vt 0.5 0.5
vt 0.5 0.5
vt 0.5 0.5
vt 0.5 0.5
vt 0.5 0.5
vt 0.5 0.5
vt 0.5 0.5
vt 0.5 0.5
vt 0.5 0.5
vt 0.5 0.5
vt 0.5 0.5
vt 0.5 0.5
vt 0.5 0.5
vt 0.4999999701976776 0.4999999701976776
vt 0.5 0.5
vt 0.5 0.5
vt 0.5 0.5
vt 0.5 0.5
vt 0.5 0.5
vt 0.5 0.5
vt 0.5 0.5
vt 0.5 0.5
vt 0.5 0.5
vt 0.5 0.5
vt 0.5 0.5
vt 0.5 0.5
vt 0.4999999701976776 0.4999999701976776
vt 0.5 0.5
vt 0.5 0.5
vt 0.5 0.5
vt 0.5 0.5
vt 0.5 0.5
vt 0.5 0.5
vt 0.5 0.5
vt 0.5 0.5
vt 0.5 0.5
vt 0.5 0.5
vt 0.5 0.5
vt 0.5 0.5
vt 0.5 0.5
vt 0.5 0.5
vt 0.5 0.5
vt 0.5 0.5
vt 0.5 0.5
vt 0.5 0.5
vt 0.5 0.5
vt 0.5 0.5
vt 0.5 0.5
vt 0.5 0.5
vt 0.5 0.5
vt 0.5 0.5
vt 0.5 0.5
vt 0.5 0.5
vt 0.5 0.5
vt 0.5 0.5
vt 0.5 0.5
vt 0.5 0.5
vt 0.5 0.5
vt 0.5 0.5
vt 0.5 0.5
vt 0.5 0.5
vt 0.5 0.5
vt 0.4999999701976776 0.4999999701976776
vt 0.5 0.5
vt 0.5 0.5
vt 0.5 0.5
vt 0.5 0.5
vt 0.5 0.5
vt 0.5 0.5
vt 0.5 0.5
vt 0.5 0.5
vt 0.5 0.5
vt 0.5 0.5
vt 0.1360354870557785 0.0562404990196228
vt 0.1375003308057785 0.06117687001824379
vt 0.1811337620019913 0.1320768594741821
vt 0.1360354870557785 0.04573290050029755
vt 0.1375003308057785 0.04974699765443802
vt 0.1205951571464539 0.0562404990196228
vt 0.1072371229529381 0.07822588086128235
vt 0.1559748947620392 0.06117687001824379
vt 0.1707882434129715 0.0850919783115387
vt 0.1811337471008301 0.1151729747653008
vt 0.1863882094621658 0.1320768594741821
vt 0.19711634516716 0.1688554584980011
vn 0.5541856288909912 -0.3739458918571472 -0.7436684370040894
vn 0.9581172466278076 -0.2563815116882324 -0.1275925785303116
vn 0.9598780870437622 -0.1385408192873001 -0.2438042014837265
vn 0.5249426960945129 -0.2990879714488983 -0.7968572974205017
vn 0.0693010687828064 -0.3546809852123261 -0.9324155449867249
vn 0.09294386208057404 -0.3489584922790527 -0.9325177669525147
vn -0.0445384718477726 -0.3918899297714233 -0.9189333915710449
vn -0.1339235901832581 -0.4211487472057343 -0.8970497250556946
vn -0.1975057870149612 -0.5335841178894043 -0.8223621249198914
vn -0.3010586500167847 -0.5041571259498596 -0.80943763256073
vn -0.6454492807388306 -0.5318398475646973 -0.5482167601585388
vn -0.5889692306518555 -0.6430086493492127 -0.4895458519458771
vn -0.8780813813209534 -0.4521869421005249 0.1565248817205429
vn -0.9358510971069336 -0.3477402627468109 0.05709138512611389
vn -0.7119802832603455 -0.07972639054059982 0.6976587772369385
vn -0.7528759241104126 -0.03054657950997353 0.6574532389640808
vn -0.3280093967914581 0.1521396040916443 0.9323429465293884
vn -0.3261603116989136 0.1361174881458283 0.9354632496833801
vn 0.1034987419843674 0.2042570859193802 0.9734305739402771
vn 0.09329492598772049 0.1995382010936737 0.97543865442276
vn 0.4927151799201965 0.1540133357048035 0.8564529418945313
vn 0.5163434147834778 0.1873404830694199 0.8356392979621887
vn 0.857300341129303 -0.01437462959438562 0.5146158933639526
vn 0.8943769931793213 0.07579367607831955 0.4408459365367889
vn 0.5701337456703186 -0.2798011600971222 -0.7724369168281555
vn 0.9635974168777466 -0.2505797743797302 -0.09321896731853485
vn 0.8361882567405701 -0.07525257021188736 0.5432552099227905
vn 0.8608161807060242 -0.09282517433166504 0.5003788471221924
vn 0.9738496541976929 -0.1775125414133072 -0.1417962163686752
vn 0.5697315335273743 -0.1371979266405106 -0.8102979063987732
vn 0.9272668957710266 -0.04012544453144074 0.3722445964813232
vn 0.9468095302581787 -0.08936776965856552 -0.3091361224651337
vn 0.9360118508338928 -0.1305877715349197 -0.3268465101718903
vn 0.9308817982673645 -0.01625840924680233 0.3649585247039795
vn -0.3282730579376221 0.07318762689828873 0.9417432546615601
vn 0.1014603972434998 0.1080436259508133 0.9889551997184753
vn 0.4790209531784058 0.0635068416595459 0.8755031824111939
vn 0.5970735549926758 0.004913618322461844 0.8021714687347412
vn 0.3340773284435272 0.3376820683479309 0.8799790740013123
vn 0.5317728519439697 0.3024292290210724 0.7910462617874146
vn 0.7728510499000549 0.4681716561317444 0.4283882677555084
vn 0.2974106967449188 0.4451962411403656 0.8445988297462463
vn 0.07819166779518127 0.3943461775779724 0.9156293869018555
vn 0.2007876336574554 0.4512635171413422 0.8695088028907776
vn 0.5119218230247498 0.6733099222183228 0.5334696173667908
vn 0.09201392531394959 0.4957404434680939 0.8635825514793396
vn -0.3883968889713287 0.2185014635324478 0.8952122330665588
vn -0.1831639409065247 0.3793629705905914 0.9069370031356812
vn 0.09357788413763046 0.702641487121582 0.7053638100624085
vn -0.2815217971801758 0.3317883312702179 0.9003676772117615
vn -0.9918848276138306 0.125071182847023 -0.02283991314470768
vn -0.7933825254440308 0.09379375725984573 0.601453959941864
vn -0.7956737875938416 0.1087001115083695 0.5958921909332275
vn -0.9994430541992188 -0.004201995674520731 \
 -0.03310440480709076
vn 0.7653967142105103 0.1267731338739395 -0.6309488415718079
vn 0.8236954212188721 0.5664716958999634 -0.02521316148340702
vn 0.7210198640823364 0.6916065812110901 -0.04255211353302002
vn 0.7400979995727539 0.2146933525800705 -0.6373081803321838
vn -0.6168900728225708 -0.5389149785041809 -0.5736002922058106
vn 0.1594756245613098 -0.3850866854190826 -0.908997118473053
vn 0.1509531885385513 -0.3205981254577637 -0.9351096153259277
vn -0.5968836545944214 -0.5328614711761475 -0.5998237729072571
vn -0.9612324833869934 -0.2711378633975983 0.05016336217522621
vn -0.9492161273956299 -0.3103570640087128 0.05164564400911331
vn -0.8494020700454712 -0.4915357232093811 0.1921165138483048
vn -0.5518640279769898 -0.6628941893577576 -0.5059816241264343
vn -0.3310399949550629 0.3865498304367065 -0.860808789730072
vn -0.5616674423217773 0.04420425742864609 -0.8261814117431641
vn -0.7941511869430542 0.4133337736129761 -0.4455099105834961
vn -0.5555862188339233 0.7051461338996887 -0.4405596852302551
vn 0.04538398608565331 0.9605567455291748 -0.2743555903434753
vn -0.1215828284621239 0.621397852897644 -0.7740041017532349
vn -0.5825912356376648 0.5888853073120117 -0.5601798892021179
vn -0.6485476493835449 0.7542753219604492 -0.1022482439875603
vn -0.05021955072879791 0.5104399919509888 -0.8584457039833069
vn -0.5361044406890869 0.4109833240509033 -0.737349808216095
vn -0.7140039801597595 0.6309216022491455 -0.3035395443439484
vn -0.01151474192738533 0.9100774526596069 -0.4142782390117645
vn -0.1090498417615891 0.8453156352043152 -0.5230196714401245
vn -0.08150278031826019 0.4066829383373261 -0.9099265336990356
vn -0.5675071477890015 0.3150117993354797 -0.7607254385948181
vn -0.7934006452560425 0.5019571185112 -0.3443174064159393
vn 0.06147389113903046 0.9534950852394104 0.2950730621814728
vn -0.007961147464811802 0.943111777305603 -0.332380473613739
vn -0.7335433959960938 0.6620447039604187 -0.153658390045166
vn -0.6227362751960754 0.6469295620918274 0.4400928020477295
vn -0.7073416113853455 0.2089502960443497 0.6752833724021912
vn 0.04504849389195442 0.399466872215271 0.915640115737915
vn 0.06114232167601585 0.362125962972641 0.9301217198371887
vn -0.6867263913154602 0.1824369430541992 0.7036502361297607
vn -0.6801948547363281 -0.2778133749961853 -0.6783469915390015
vn -0.9964437484741211 -0.08413051068782806 \
 -0.004678171593695879
vn -0.9950278997421265 -0.09937264025211334 0.006675273180007935
vn -0.663828432559967 -0.2737577557563782 -0.6959802508354187
vn -0.05252096056938171 -0.2830389142036438 -0.9576693177223206
vn -0.02505459822714329 -0.2624286711215973 -0.9646260738372803
vn 0.9736332297325134 0.1210185140371323 -0.1933722943067551
vn 0.5882402062416077 -0.1390244066715241 -0.7966465353965759
vn 0.5987673401832581 -0.1282944679260254 -0.7905809283256531
vn 0.9786192178726196 0.1016892716288567 -0.1787839829921722
vn -0.8336525559425354 0.1504423171281815 -0.5314042568206787
vn -0.9263010621070862 0.3491945564746857 0.1415255665779114
vn -0.9196119904518127 0.3596292436122894 0.1580525040626526
vn -0.8180262446403503 0.1910883188247681 -0.5425111055374146
vn -0.3025850057601929 -0.09349517524242401 -0.9485256671905518
vn -0.2807010412216187 -0.01933988742530346 -0.9596003890037537
vn 0.9369397759437561 -0.2699234783649445 -0.2220026254653931
vn 0.4599811136722565 -0.2773066163063049 -0.8435155153274536
vn 0.4643785655498505 -0.2162684053182602 -0.8588250875473023
vn 0.9446908831596375 -0.2426373064517975 -0.2206496298313141
vn -0.4622823596000671 0.3938666880130768 0.7944583296775818
vn 0.32658651471138 0.208299919962883 0.9219286441802979
vn 0.3383087515830994 0.2160768806934357 0.9158918857574463
vn -0.4281248152256012 0.396270751953125 0.8122060298919678
vn -0.2562433481216431 0.5196076035499573 0.8150750398635864
vn -0.7880316376686096 -0.2243360728025436 0.5733057260513306
vn -0.7954050302505493 -0.08939206600189209 0.599449634552002
vn -0.2318155914545059 0.5123708844184876 0.8268842697143555
vn -0.7942928075790405 -0.6073306202888489 0.01576317474246025
vn -0.5164006948471069 -0.6885147094726563 -0.5091933012008667
vn -0.5953503251075745 -0.620276153087616 -0.5107009410858154
vn -0.8713546395301819 -0.4892935156822205 0.03650924190878868
vn 0.108457013964653 -0.3544394969940186 -0.9287678599357605
vn 0.09397134184837341 -0.4128695130348206 -0.905929446220398
vn 0.6515135169029236 0.2673003077507019 -0.7099863886833191
vn 0.7066365480422974 0.6909502744674683 -0.1524876803159714
vn 0.787267804145813 0.5964450836181641 -0.1564053446054459
vn 0.7047635912895203 0.1413955688476563 -0.6952090263366699
vn -0.8544812798500061 -0.4927306175231934 0.1645548194646835
vn -0.5382319688796997 -0.6532784104347229 -0.5324788093566895
vn -0.8924093246459961 0.4507289528846741 0.02118884585797787
vn -0.8339260220527649 0.238836333155632 0.4975184500217438
vn 0.5606430768966675 0.1834413260221481 -0.807482898235321
vn 0.9237568378448486 0.3138230741024017 -0.2195185273885727
vn 0.9814690351486206 0.146961122751236 -0.1229673624038696
vn 0.6255854964256287 -0.0006125220679678023 -0.7801554203033447
vn -0.650434672832489 0.06952379643917084 -0.7563737034797669
vn -0.03829028084874153 0.08048595488071442 -0.9960200190544128
vn 0.0004237025859765708 -0.1030923426151276 -0.9946717023849487
vn -0.6538562774658203 -0.1301906704902649 -0.745333731174469
vn -0.9887908101081848 0.1178249567747116 -0.09170592576265335
vn -0.9979342818260193 -0.06370541453361511 0.008291393518447876
vn 0.5414900779724121 0.1011744812130928 -0.8345970511436462
vn 0.9444549679756165 0.2072960436344147 -0.2550159990787506
vn 0.9867746829986572 0.02156268432736397 -0.1606573015451431
vn 0.5726884603500366 -0.09876188635826111 -0.813802182674408
vn -0.6508310437202454 0.06510176509618759 -0.7564262747764587
vn -0.05638270080089569 0.04734650999307632 -0.9972859621047974
vn -0.03675690293312073 -0.1263595670461655 -0.9913032650947571
vn -0.6674850583076477 -0.0652368888258934 -0.7417599558830261
vn -0.9877895712852478 0.1081639379262924 -0.1121264547109604
vn -0.9994426369667053 0.0333809107542038 -0.0002702740603126586
vn 0.9636505246162415 0.150974839925766 -0.2204184383153915
vn 0.9086241126060486 0.1605936139822006 0.3855021595954895
vn 0.7561789155006409 0.06009451299905777 0.651599645614624
vn 0.9876182675361633 -0.03534159436821938 -0.1528433859348297
vn -0.6806493401527405 0.1171869784593582 -0.723176121711731
vn -0.0820651575922966 0.04827141389250755 -0.9954572916030884
vn -0.1245206594467163 -0.1018722504377365 -0.9869734644889832
vn -0.6975204944610596 -0.04549666494131088 -0.7151190042495728
vn -0.7650830149650574 0.2839760482311249 0.5779321193695068
vn -0.9691426157951355 0.2458902895450592 -0.01733626052737236
vn -0.9944325089454651 0.1049102991819382 0.009890912100672722
vn -0.5391441583633423 0.1959793567657471 0.8190944194793701
vn 0.4427140355110169 0.1205378398299217 -0.8885239958763123
vn 0.9324565529823303 0.07250980287790299 -0.3539309203624725
vn 0.9488227963447571 -0.1318026483058929 -0.2869901657104492
vn 0.4386225938796997 -0.107670858502388 -0.8921979665756226
vn -0.7383986115455627 0.2915627956390381 -0.6080778241157532
vn -0.2269944250583649 0.1892630755901337 -0.9553287625312805
vn -0.265578031539917 -0.01942212879657745 -0.9638937115669251
vn -0.7979347109794617 0.1086243465542793 -0.5928751826286316
vn -0.9276558756828308 0.3683615028858185 0.06135453656315804
vn -0.9576042890548706 0.2367026060819626 0.1642130017280579
vn 0.9465914964675903 0.1133830100297928 -0.3018423914909363
vn 0.9008110165596008 0.1128700822591782 0.4192848801612854
vn 0.5169153213500977 0.1010587960481644 0.8500503897666931
vn 0.1100670993328095 0.08860871195793152 0.9899665117263794
vn -0.3443876504898071 0.04194643720984459 0.9378899931907654
vn 0.5341206789016724 0.09339313209056854 -0.8402338027954102
vn 0.01924910023808479 0.1049854010343552 -0.9942874312400818
vn -0.4349738955497742 0.1203510090708733 -0.8923639059066773
vn -0.7770358920097351 0.08200633525848389 -0.6240914463996887
vn 0.9516655802726746 0.09397798031568527 -0.2924051284790039
vn 0.90810227394104 0.0811808705329895 0.4108040034770966
vn 0.5172033309936523 0.06667512655258179 0.8532614707946777
vn 0.1401809453964233 0.0611775740981102 0.9882341027259827
vn -0.2733540534973145 0.04122339189052582 0.9610297679901123
vn -0.7026731967926025 0.07582275569438934 -0.7074611783027649
vn -0.4044077694416046 0.1058828383684158 -0.908428966999054
vn 0.00312464265152812 0.1016476899385452 -0.9948155283927918
vn 0.5423029065132141 0.09437676519155502 -0.8348656296730042
vn 0.9460494518280029 0.09637021273374558 -0.3093593418598175
vn 0.9120821356773377 0.07757233083248138 0.4026024639606476
vn 0.5109543800354004 0.05618201568722725 0.8577699065208435
vn 0.1541226804256439 0.04458567872643471 0.9870452284812927
vn -0.229598268866539 0.02939293161034584 0.9728415608406067
vn -0.6376301050186157 0.05947663635015488 -0.7680432200431824
vn -0.3797202110290527 0.08227121084928513 -0.9214358329772949
vn -0.01266686152666807 0.09222053736448288 -0.9956580400466919
vn 0.5272033214569092 0.1006448715925217 -0.8437578082084656
vn 0.9328787326812744 0.1147046089172363 -0.3414382934570313
vn 0.9133229851722717 0.1054168865084648 0.3933553695678711
vn 0.5090923309326172 0.07593736052513123 0.857355535030365
vn 0.164347767829895 0.04844676330685616 0.9852120280265808
vn -0.2164913415908814 0.01998055540025234 0.976080060005188
vn -0.5868982672691345 0.03754861280322075 -0.8087895512580872
vn -0.3652492761611939 0.06259568780660629 -0.9288028478622437
vn -0.02879182435572147 0.08160049468278885 -0.9962491393089294
vn 0.4975529313087463 0.1044248268008232 -0.8611251711845398
vn 0.9184793829917908 0.1152323111891747 -0.3783082962036133
vn 0.9161778092384338 0.1167059764266014 0.383403092622757
vn 0.5137478709220886 0.08319368213415146 0.8538981080055237
vn 0.1686336398124695 0.0504310354590416 0.9843878149986267
vn -0.2321540117263794 0.01747613586485386 0.9725220203399658
vn -0.752914309501648 -0.03183360397815704 0.6573482155799866
vn -0.7354807257652283 -0.01196691580116749 0.6774399876594544
vn -0.5335702300071716 0.009772757068276405 -0.8456993103027344
vn -0.3535672724246979 0.04209716245532036 -0.9344613552093506
vn -0.0541405975818634 0.06355053186416626 -0.9965089559555054
vn 0.4574283361434937 0.09067599475383759 -0.8846113085746765
vn 0.9088655710220337 0.09135951846837997 -0.4069604277610779
vn 0.9229529500007629 0.1108166202902794 0.3686156868934631
vn 0.5246542692184448 0.0827392041683197 0.8472851514816284
vn 0.1593547016382217 0.05230199545621872 0.9858349561691284
vn -0.2627967596054077 0.01960500702261925 0.9646520018577576
vn -0.7688003182411194 -0.04760999977588654 0.6377142071723938
vn -0.4778774678707123 -0.05448257550597191 -0.876735270023346
vn -0.3352619707584381 -0.02151630260050297 -0.9418792128562927
vn -0.07346533983945847 0.007268571294844151 -0.9972712993621826
vn 0.4239979684352875 0.04636458680033684 -0.9044755697250366
vn -0.7785587906837463 -0.02238602191209793 0.6271722912788391
vn -0.776995837688446 -0.05380190908908844 0.6272023916244507
vn -0.2913936674594879 0.03628702089190483 0.9559147357940674
vn -0.3159704208374023 0.1013157591223717 0.9433439373970032
vn 0.1217946484684944 0.1433653980493546 0.9821468591690064
vn 0.1416039019823074 0.07623817026615143 0.9869832992553711
vn 0.5349355340003967 0.1059688478708267 0.8382210731506348
vn 0.5327405333518982 0.1615027785301209 0.8307251930236816
vn 0.9265671372413635 0.1160252466797829 0.3577869236469269
vn 0.9172968864440918 0.1300029009580612 0.376384973526001
vn 0.9102354645729065 0.05923233553767204 -0.4098328351974487
vn 0.9324852824211121 0.004712174646556377 -0.3611772656440735
vn 0.4233940541744232 -0.02221017144620419 -0.9056733250617981
vn 0.4663572013378143 -0.125366821885109 -0.8756678104400635
vn -0.05622455105185509 -0.08632903546094894 -0.9946789145469666
vn 0.0005954271764494479 -0.2053034901618958 -0.978698194026947
vn -0.2988854348659515 -0.1325649321079254 -0.9450365304946899
vn -0.2324772328138351 -0.271482914686203 -0.9339439868927002
vn -0.6496415734291077 0.2559550106525421 0.7158581018447876
vn 0.1302202194929123 0.3077237010002136 0.9425225853919983
vn 0.08435462415218353 0.3204083740711212 0.9435161948204041
vn -0.6435405015945435 0.2740211486816406 0.7146803736686707
vn 0.9328703880310059 0.005552027840167284 -0.3601694107055664
vn 0.4638336598873138 -0.06723341345787048 -0.8833674192428589
vn 0.4829731583595276 -0.08000081777572632 -0.871972918510437
vn 0.9397864937782288 -0.001211829599924386 -0.3417599499225617
vn -0.1599926650524139 -0.08684781938791275 -0.9832903146743774
vn -0.8042923808097839 -0.03186270222067833 -0.5933789014816284
vn -0.7577698826789856 -0.03733901306986809 -0.6514526605606079
vn -0.1022838801145554 -0.09447114169597626 -0.9902591705322266
vn -0.9878829121589661 0.09922219067811966 0.1193410307168961
vn -0.9897758364677429 0.1083473414182663 0.09276143461465836
vn -0.4883023798465729 0.3545865416526794 0.7973889708518982
vn 0.3466790616512299 0.2859528064727783 0.8933334350585938
vn 0.3325386941432953 0.2749198973178864 0.9021291732788086
vn -0.4799765348434448 0.3470358848571777 0.8057224154472351
vn 0.884293794631958 0.08219055831432343 0.4596402645111084
vn 0.9547489881515503 -0.1231040060520172 -0.2707392573356628
vn 0.9521294832229614 -0.1244056075811386 -0.2792359292507172
vn 0.8743439316749573 0.08132362365722656 0.478444516658783
vn -0.2765328586101532 -0.1609517931938171 -0.9474302530288696
vn -0.7583551406860352 -0.04484909400343895 -0.6502968668937683
vn -0.7471660971641541 -0.01966681145131588 -0.6643463373184204
vn -0.2753440737724304 -0.1342898309230804 -0.9519200921058655
vn -0.9839001893997192 0.1746526956558228 0.03790584951639175
vn -0.980815589427948 0.1913043111562729 0.03746245056390762
vn -0.3047800958156586 0.1868453323841095 0.933915376663208
vn -0.2239053249359131 0.1244389712810516 0.9666340351104736
vn 0.1333862990140915 0.1752675175666809 0.9754431843757629
vn 0.1540889143943787 0.2177846282720566 0.9637564420700073
vn -0.4467284381389618 0.1133805513381958 0.8874562382698059
vn -0.3480886518955231 0.08482081443071365 0.9336164593696594
vn -0.03955340012907982 0.09831002354621887 0.9943695068359375
vn -0.06228942424058914 0.1172916740179062 0.9911420941352844
vn -0.3470382690429688 0.1720290631055832 0.921938419342041
vn -0.2110366672277451 0.07247048616409302 0.9747879505157471
vn 0.1735281497240067 -0.02520133182406426 0.9845064282417297
vn 0.1391318887472153 0.04373558983206749 0.9893075823783875
vn -0.3275485932826996 0.212156742811203 0.9207070469856262
vn -0.2090107798576355 0.1379183828830719 0.9681389331817627
vn 0.1851271241903305 0.07595304399728775 0.9797750115394592
vn 0.1864227652549744 0.1223823055624962 0.9748174548149109
vn 0.763378381729126 0.3549429774284363 0.5396933555603027
vn 0.7655545473098755 0.3168613016605377 0.5599331855773926
vn 0.8525187373161316 0.3505381941795349 0.3877303302288055
vn 0.7130944728851318 0.2409273833036423 0.6583694219589233
vn -0.6227253079414368 0.6680100560188294 0.4074012041091919
vn 0.07641745358705521 0.9659665822982788 0.2471212297677994
vn -0.802777886390686 0.1635705232620239 0.5734041929244995
vn -0.5776374340057373 0.08430143445730209 0.8119287490844727
vn 0.8646815419197083 0.1687406152486801 0.473130464553833
vn 0.8344513177871704 0.1807959675788879 0.5205802321434021
vn 0.8579114675521851 0.2496674060821533 0.4490591287612915
vn 0.6629576683044434 0.1359704881906509 0.7362059354782105
vn -0.1428593248128891 0.9526081085205078 0.2685684561729431
vn -0.7801941633224487 0.5188460350036621 0.3494221270084381
vn -0.8439830541610718 0.123388409614563 0.5219845771789551
vn -0.6286746263504028 0.1099109128117561 0.769862174987793
vn -0.05495009198784828 0.5032244920730591 -0.862406849861145
vn -0.5815620422363281 0.4378306567668915 -0.6856310367584229
vn 0.548087477684021 0.08455487340688705 -0.8321361541748047
vn 0.5307211875915527 -0.09372702240943909 -0.842348039150238
vn 0.3925597965717316 -0.2010749578475952 -0.897477388381958
vn 0.4108290374279022 -0.2137521654367447 -0.8863010406494141
vn 0.8721984028816223 -0.07010647654533386 0.4841022491455078
vn 0.8635134696960449 -0.05160976201295853 0.5016781091690064
vn 0.973967432975769 0.03722390532493591 0.2236108183860779
vn 0.8284445405006409 -0.08314532786607742 0.5538650751113892
vn 0.1496760994195938 0.9518136978149414 0.2676709592342377
vn -0.5686374306678772 0.7090537548065186 0.4170062839984894
vn -0.7274807691574097 0.3131978511810303 0.6104742884635925
vn -0.4504289031028748 0.1971680372953415 0.8707689642906189
vn 0.7024460434913635 0.4477025866508484 0.553291916847229
vn 0.9441304802894592 0.2565288245677948 -0.2069071978330612
vn 0.9616162180900574 0.1916739493608475 -0.1963551640510559
vn 0.7429183125495911 0.3813846409320831 0.5501073598861694
vn -0.765542209148407 0.1254716366529465 0.6310324668884277
vn -0.1042057350277901 0.3602166771888733 0.9270302653312683
vn -0.01908229291439056 0.3465707004070282 0.9378297328948975
vn -0.7384783029556274 0.1201351210474968 0.6634887456893921
vn -0.9947276711463928 -0.1024872288107872 -0.00363938114605844
vn -0.995699405670166 -0.08971697092056274 -0.02309789508581162
vn -0.6967617869377136 -0.2276113033294678 -0.6802324056625366
vn -0.7046914100646973 -0.2156357020139694 -0.675952136516571
vn -0.0673411637544632 -0.1998219043016434 -0.9775153994560242
vn -0.05968994647264481 -0.1820937693119049 -0.9814677834510803
vn 0.6023443937301636 0.006794133689254522 -0.7982074022293091
vn 0.604515016078949 -0.02791683003306389 -0.7961044311523438
vn -0.6156278252601624 -0.2352959513664246 -0.7520892024040222
vn -0.9944677948951721 -0.1029336899518967 -0.02094073779881001
vn -0.9959198236465454 -0.08991328626871109 0.007700879126787186
vn -0.6296759843826294 -0.2249250411987305 -0.7435837984085083
vn -0.6189673542976379 0.1414617449045181 0.7725723385810852
vn -0.6546485424041748 0.1341673135757446 0.7439317107200623
vn 0.07646997272968292 0.2922187447547913 0.9532893300056458
vn 0.09405852109193802 0.2823856770992279 0.9546786546707153
vn 0.7436205744743347 0.2842196822166443 0.6051838994026184
vn 0.9841879606246948 0.1056432947516441 -0.1421743184328079
vn 0.9884921312332153 0.1091959550976753 -0.1046878397464752
vn 0.7268563508987427 0.2722752094268799 0.630512535572052
vn 0.6207478642463684 -0.1085191071033478 -0.7764635682106018
vn 0.6408116817474365 -0.09319495409727097 -0.7620204091072083
vn 0.02059838734567165 -0.2232116758823395 -0.97455233335495
vn 0.02216848358511925 -0.2121774554252625 -0.976979672908783
vn 0.8773249983787537 0.1934009790420532 0.4392002820968628
vn 0.9359045028686523 0.05527195334434509 -0.3478904962539673
vn 0.9332462549209595 0.02362713031470776 -0.3584594428539276
vn 0.8763971924781799 0.1635610312223434 0.4529633224010468
vn -0.6825107932090759 0.1995763033628464 0.7030990719795227
vn 0.1476278603076935 0.2830244898796082 0.9476830363273621
vn 0.1472694426774979 0.2733519375324249 0.950573742389679
vn -0.6641089916229248 0.2040954679250717 0.7192386984825134
vn -0.9905508160591126 0.04963795468211174 0.1278481036424637
vn -0.9943695068359375 0.0427350178360939 0.09696929901838303
vn -0.8085588216781616 -0.08731073886156082 -0.5819016098976135
vn -0.8224123120307922 -0.06806439906358719 -0.5648054480552673
vn -0.1831379383802414 -0.1223003268241882 -0.9754502177238464
vn -0.1856276541948319 -0.09871732443571091 -0.9776488542556763
vn 0.4696343839168549 -0.0548224039375782 -0.8811572194099426
vn 0.4630067050457001 -0.05657554045319557 -0.8845473527908325
vn -0.6677622199058533 -0.1801596581935883 -0.7222438454627991
vn -0.9986488819122315 0.01689079962670803 0.0491437278687954
vn -0.9988148808479309 0.03158055245876312 0.03703394904732704
vn -0.6670496463775635 -0.1656754165887833 -0.7263583540916443
vn -0.6336014866828919 0.1929008811712265 0.7492251992225647
vn -0.6379748582839966 0.2107640951871872 0.7406527996063232
vn 0.002655561314895749 0.2882023453712463 0.9575658440589905
vn -0.009468103758990765 0.2431817948818207 0.9699345231056213
vn 0.7437703609466553 0.1915385127067566 0.6404050588607788
vn 0.9668374061584473 -0.07859174907207489 -0.2429995089769363
vn 0.9834214448928833 -0.05944691598415375 -0.1713135987520218
vn 0.7013448476791382 0.1718580275774002 0.6917949318885803
vn 0.5080912113189697 -0.2363521456718445 -0.8282396793365479
vn 0.5421995520591736 -0.2366514503955841 -0.8062355518341065
vn -0.03288453072309494 -0.2526759803295136 -0.9669919610023499
vn -0.0317252017557621 -0.2624532580375671 -0.9644230604171753
vn 0.9198707342147827 0.04317489266395569 0.3898381590843201
vn 0.9416381120681763 -0.09789957851171494 -0.3220766186714172
vn 0.9431303143501282 -0.1552484333515167 -0.2939440608024597
vn 0.9060099124908447 0.0259114746004343 0.4224625527858734
vn -0.5984138250350952 0.2623270452022553 0.7570240497589111
vn 0.3027876913547516 0.2263188064098358 0.9257966279983521
vn 0.3366590440273285 0.2276127934455872 0.9137029647827148
vn -0.5431585907936096 0.294078916311264 0.7864453792572022
vn -0.9804283380508423 0.1964548677206039 0.01287460047751665
vn -0.9799293875694275 0.1991965621709824 0.007689075078815222
vn -0.7534935474395752 0.1341826915740967 -0.6436166763305664
vn -0.7465543746948242 0.07865859568119049 -0.6606582999229431
vn -0.240588054060936 0.03259728103876114 -0.970079779624939
vn -0.2610724866390228 -0.03419214487075806 -0.964713454246521
vn 0.450756162405014 -0.0857037752866745 -0.8885233402252197
vn 0.4274905622005463 -0.16262286901474 -0.8892725110054016
vn -0.7316678166389465 -0.06358610838651657 -0.678689181804657
vn -0.9886868596076965 0.1484044939279556 0.02178145758807659
vn -0.9961676001548767 0.08594942837953568 0.01621230132877827
vn -0.7138049006462097 -0.1062157079577446 -0.6922432780265808
vn -0.4984804391860962 0.308571070432663 0.8101241588592529
vn -0.5245599746704102 0.25114506483078 0.8134881854057312
vn 0.3025065362453461 0.2428234070539475 0.9216976761817932
vn 0.2537550926208496 0.2105783522129059 0.9440683722496033
vn 0.8491235971450806 0.05924716591835022 0.5248607993125916
vn 0.9580182433128357 -0.1487627029418945 -0.2450932413339615
vn 0.9772008657455444 -0.1194624677300453 -0.1755198240280151
vn 0.8028477430343628 0.06131740286946297 0.5930224657058716
vn 0.4681083858013153 -0.201090082526207 -0.8604866862297058
vn 0.4025985896587372 -0.228826567530632 -0.8863141536712647
vn -0.2580617070198059 -0.1718681454658508 -0.9507184028625488
vn -0.1986505836248398 -0.1820812225341797 -0.9630079865455627
vn 0.8872327208518982 -0.08640516549348831 0.453158050775528
vn 0.9306924343109131 -0.2633329331874847 -0.2539042532444
vn 0.9404347538948059 -0.2249604314565659 -0.2549025416374207
vn 0.8764820694923401 -0.09215912967920303 0.4725313782691956
vn -0.5538522601127625 0.3865010440349579 0.7374717593193054
vn 0.2718629539012909 0.2124136090278626 0.9386005401611328
vn 0.2848516404628754 0.1801088452339172 0.9414989948272705
vn -0.5281543135643005 0.3703973293304443 0.7641065716743469
vn -0.9325743913650513 0.3504997491836548 0.08634189516305924
vn -0.9295702576637268 0.3599056005477905 0.07979415357112885
vn -0.8204768896102905 0.2592815458774567 -0.5095005035400391
vn -0.8012332916259766 0.2452781945466995 -0.5457690358161926
vn -0.3288317322731018 0.07648871093988419 -0.9412859082221985
vn -0.2905681133270264 0.1048368439078331 -0.9510937929153442
vn 0.4666354358196259 -0.1841408908367157 -0.8650684952735901
vn 0.4685724675655365 -0.1128813102841377 -0.8761835694313049
vn -0.8153923153877258 0.1287301629781723 -0.5644146800041199
vn -0.9324316382408142 0.3151879906654358 0.1767137795686722
vn -0.9459694027900696 0.261104017496109 0.1922669261693955
vn -0.8156211376190186 0.05914295464754105 -0.5755556225776672
vn -0.3825746476650238 0.3330209255218506 0.8618199825286865
vn -0.3954287469387054 0.3842933475971222 0.8342390060424805
vn 0.3376100659370422 0.2371342182159424 0.9109263420104981
vn 0.3092411756515503 0.2005079239606857 0.9296055436134338
vn 0.8514161109924316 -0.02052636630833149 0.524088978767395
vn 0.9461435675621033 -0.2326711565256119 -0.2251143902540207
vn 0.9480036497116089 -0.2161584198474884 -0.2335906624794006
vn 0.8319719433784485 -0.02309137023985386 0.5543369650840759
vn 0.445065975189209 -0.2270662039518356 -0.8662316203117371
vn 0.4322896599769592 -0.2386118024587631 -0.8695918917655945
vn -0.2753538191318512 -0.06046660616993904 -0.9594394564628601
vn -0.2793610692024231 -0.1181491613388062 -0.9528893828392029
vn 0.4232144951820374 0.4824133217334747 -0.7669203877449036
vn 0.6234612464904785 0.6935193538665772 -0.3610082864761353
vn 0.6668707132339478 0.7019844651222229 0.2500024735927582
vn 0.456062376499176 0.2293907552957535 0.8598761558532715
vn 0.5311191082000732 0.291863739490509 0.7954420447349548
vn 0.6439740061759949 0.6208742260932922 -0.4470040798187256
vn 0.4178683161735535 0.3749292492866516 -0.8275349736213684
vn 0.6487613916397095 0.6985784769058228 0.3018223941326141
vn 0.3036570847034454 0.117156021296978 0.9455510973930359
vn 0.3859608769416809 0.1843733936548233 0.9039030075073242
vn 0.4746589064598084 0.4129895567893982 -0.7772635221481323
vn 0.7146763205528259 0.6119685173034668 -0.3387215733528137
vn 0.7626301646232605 0.599164605140686 0.2437149882316589
vn 0.5142230987548828 0.0564657598733902 0.855795681476593
vn 0.6090304255485535 0.1235340610146523 0.7834674715995789
vn 0.7254267930984497 0.5762646794319153 -0.3763973414897919
vn 0.4026167988777161 0.4643847346305847 -0.788826048374176
vn 0.8351190686225891 0.5242290496826172 0.1666134148836136
vn 0.56987065076828 -0.08228772133588791 0.8176039457321167
vn 0.6679410338401794 0.00985769834369421 0.7441489100456238
vn -0.2912856340408325 0.4398400783538818 0.8495253920555115
vn 0.1508827060461044 0.5386969447135925 0.8288787603378296
vn 0.5196846127510071 0.492296040058136 0.698263943195343
vn -0.501524031162262 0.3239170610904694 0.8022165298461914
vn -0.1101701408624649 0.4533613324165344 0.8844919800758362
vn 0.3564734756946564 0.4396357536315918 0.8244071006774902
vn -0.3684747517108917 0.457943320274353 0.8090205788612366
vn 0.1524981558322907 0.5274067521095276 0.8358148336410523
vn 0.6256240010261536 0.4007330238819122 0.6693336963653565
vn -0.377459853887558 0.4661669731140137 0.8001327514648438
vn 0.1657864898443222 0.501987636089325 0.8488364219665527
vn 0.6953231692314148 0.3286552131175995 0.6391489505767822
vn 0.2421966344118118 0.04577082023024559 0.9691469669342041
vn 0.2024061679840088 0.1351865381002426 0.9699259400367737
vn 0.9509153366088867 -0.153949186205864 -0.2684392631053925
vn 0.4176202118396759 -0.2213678359985352 -0.8812432289123535
vn 0.8929424285888672 0.05493411049246788 0.4468065500259399
vn 0.3497950434684753 0.2649543583393097 0.8985781073570252
vn -0.5099862813949585 0.3344089984893799 0.792517900466919
vn -0.9841219186782837 0.1764867454767227 0.01887993887066841
vn -0.7539042234420776 -0.01721486076712608 -0.6567587852478027
vn -0.2734188735485077 -0.1384763270616531 -0.9518752098083496
vn -0.996185302734375 0.0559801273047924 0.0669407919049263
vn -0.7009981870651245 -0.0997907817363739 -0.7061468362808228
vn -0.6425496339797974 0.2364972233772278 0.7288340330123901
vn 0.03035992942750454 0.3060303628444672 0.951537549495697
vn 0.790005087852478 0.1924269795417786 0.5821200609207153
vn 0.9513525366783142 -0.02843696810305119 -0.306789368391037
vn 0.4984109103679657 -0.1314921975135803 -0.8569109439849854
vn -0.04951775446534157 -0.1445629447698593 -0.9882557988166809
vn -0.02242536842823029 0.1520051658153534 0.9881252646446228
vn -0.993850588798523 -0.1103836596012116 -0.008742520585656166
vn -0.6344195604324341 -0.2287320643663406 -0.7383722066879273
vn -0.6701064109802246 0.1265565603971481 0.731396496295929
vn 0.06720954924821854 0.2980292439460754 0.952187716960907
vn 0.7565386295318604 0.2868162095546722 0.587695300579071
vn 0.9793612957000732 0.1096655502915382 -0.1697791218757629
vn 0.6030946373939514 -0.08779264986515045 -0.7928236126899719
vn 0.003140670945867896 -0.2003432810306549 -0.9797207117080689
vn -0.7001001834869385 -0.2139900177717209 -0.6812254190444946
vn -0.9963510036468506 -0.08499331027269363 \
 -0.007795960176736116
vn -0.7232425808906555 0.1609166562557221 0.6715846657752991
vn 0.0171849112957716 0.3716656863689423 0.9282075762748718
vn 0.7504170536994934 0.3755141794681549 0.5439332127571106
vn 0.9636178016662598 0.1762239038944244 -0.2009623944759369
vn 0.5832105278968811 -0.05293321236968041 -0.8105945587158203
vn -0.07251644879579544 -0.1918158233165741 -0.9787482023239136
vn 0.1110934093594551 0.1948053687810898 0.9745302200317383
vn 0.9385223984718323 -0.2421815246343613 -0.2460158914327622
vn 0.4587401449680328 -0.2027567625045776 -0.8651283979415894
vn 0.8765004873275757 -0.0798010528087616 0.4747406542301178
vn 0.3066242337226868 0.1908446252346039 0.9325019717216492
vn -0.4959847927093506 0.3750054836273193 0.7831794023513794
vn -0.9347882866859436 0.3361722230911255 0.1147130280733109
vn -0.8191351890563965 0.1690794229507446 -0.5481146574020386
vn -0.2973126173019409 -0.02307406812906265 -0.9545013308525085
vn -0.9420387744903565 0.3354387581348419 0.006617198698222637
vn -0.6234092712402344 0.347949743270874 0.7002084255218506
vn -0.6874005794525147 0.2934233546257019 -0.6643667817115784
vn -0.1635624468326569 0.1257430016994476 -0.9784865975379944
vn 0.4781411290168762 0.04397087171673775 -0.8771816492080689
vn 0.9412885308265686 0.0556599460542202 -0.3329833447933197
vn 0.9194310307502747 0.1746799796819687 0.352325826883316
vn 0.2715043425559998 0.3324993252754211 0.9031774997711182
vn -0.6842638254165649 0.2983678281307221 0.6654018759727478
vn -0.9830244779586792 0.1776957511901856 0.04568486288189888
vn -0.7687147855758667 0.04909823462367058 -0.6377044320106506
vn -0.1765555739402771 -0.04406752809882164 -0.9833037257194519
vn 0.4532734155654907 0.04678903520107269 -0.8901426792144775
vn 0.9195041656494141 0.1997451633214951 -0.3385468721389771
vn 0.8456801772117615 0.3335608839988709 0.4166079461574554
vn 0.1293718069791794 0.3883998095989227 0.9123642444610596
vn 0.3757644891738892 0.7364915609359741 0.5624777674674988
vn 0.1892819106578827 0.8420976996421814 0.5050186514854431
vn 0.4445077478885651 0.7794197797775269 0.4414947926998138
vn 0.3773147761821747 0.8232479691505432 0.42414191365242
vn -0.8537811636924744 0.4962972104549408 0.1573111414909363
vn -0.5400318503379822 0.8325124382972717 0.1236471012234688
vn -0.828643262386322 0.1209876239299774 0.5465458035469055
vn -0.8169022798538208 0.1084402725100517 0.5664904117584229
vn -0.6877579092979431 -0.08121725916862488 0.7213825583457947
vn -0.7731654047966003 -0.07015321403741837 0.630312442779541
vn 0.5912102460861206 0.78824782371521 -0.1706921607255936
vn 0.556776225566864 0.4012741148471832 -0.7273096442222595
vn 0.3617810904979706 0.5482649803161621 -0.7540026307106018
vn 0.4136806726455689 0.8811575770378113 -0.2289752215147018
vn 0.1173829287290573 -0.2189303040504456 -0.9686540961265564
vn -0.3197307288646698 -0.6113964319229126 -0.7238554358482361
vn -0.3384875953197479 -0.3690389096736908 -0.8655844330787659
vn -0.02059743367135525 0.02758911810815334 -0.9994071125984192
vn -0.5416975021362305 -0.7366830110549927 -0.404798686504364
vn -0.6922895908355713 -0.7204880714416504 -0.04039823263883591
vn -0.7568869590759277 -0.6430630087852478 -0.1165851056575775
vn -0.5636252760887146 -0.6149910092353821 -0.5514640808105469
vn -0.7962064146995544 -0.4879404008388519 0.3577282726764679
vn -0.8868404626846314 -0.319257527589798 0.3340488076210022
vn -0.7038823962211609 0.005047413986176252 0.7102985978126526
vn -0.2811855673789978 0.587640643119812 0.7586917281150818
vn -0.3761211335659027 0.7336971163749695 0.5658811330795288
vn -0.7453609108924866 0.275494784116745 0.6070747375488281
vn 0.269280731678009 0.8837531208992004 0.382711797952652
vn 0.09628248959779739 0.9596980214118958 0.2640254199504852
vn 0.8483430147171021 0.5245465636253357 -0.0718681737780571
vn 0.4241513609886169 0.7204214334487915 0.5487154126167297
vn 0.7616087198257446 0.0534454956650734 -0.6458294987678528
vn -0.597665548324585 -0.623606264591217 -0.5038959383964539
vn 0.1614151746034622 -0.4720886647701263 -0.8666472434997559
vn -0.931236207485199 -0.3500992655754089 0.1011417657136917
vn -0.813971757888794 0.0517047606408596 0.5785988569259644
vn -0.3120023608207703 0.4905672073364258 0.8136327862739563
vn -0.337583988904953 0.51904296875 0.7852588295936585
vn 0.02702399156987667 0.6818816065788269 -0.7309631705284119
vn -0.04492393508553505 0.9306391477584839 -0.3631702065467835
vn -0.1546971201896668 0.9868428707122803 0.04701036587357521
vn -0.9266932010650635 -0.1747599989175797 -0.3327140808105469
vn -0.683195948600769 -0.293758898973465 -0.6685424447059631
vn -0.9924340844154358 -0.0006497439462691546 0.122776985168457
vn 0.4709416329860687 0.7445226311683655 0.4731807708740234
vn -0.2200226038694382 0.4761542677879334 0.8513913154602051
vn -0.2610354423522949 0.466812789440155 0.8449534177780151
vn 0.4590719640254974 0.7247186899185181 0.5138440728187561
vn -0.7600073218345642 -0.08529235422611237 0.644293487071991
vn -0.7732741236686707 -0.04500123113393784 0.6324729323387146
vn -0.863971471786499 -0.4919821918010712 0.1072698682546616
vn -0.878945529460907 -0.4566384553909302 0.1376082748174667
vn -0.5777367353439331 -0.6635946035385132 -0.4752498865127564
vn -0.5681235790252686 -0.685828447341919 -0.454835057258606
vn 0.1247344091534615 -0.481396496295929 -0.8675821423530579
vn 0.1523379981517792 -0.5161643028259277 -0.8428330421447754
vn 0.7470152378082275 0.02334298565983772 -0.6643970012664795
vn 0.7307844758033752 0.05530290678143501 -0.6803643703460693
vn 0.8298449516296387 0.5367059111595154 -0.1526568681001663
vn 0.8497099280357361 0.5129455924034119 -0.121983103454113
vn -0.4143661260604858 0.5357303619384766 0.7357266545295715
vn -0.4345116913318634 -0.1652644723653793 -0.8853740692138672
vn -0.3874288499355316 -0.3218022882938385 -0.863910973072052
vn -0.6684754490852356 0.1695895791053772 0.7241408228874207
vn -0.6524195075035095 0.4103920161724091 0.6371241807937622
vn -0.7988007664680481 0.02619601227343082 0.6010250449180603
vn -0.9002158045768738 -0.4228706061840057 0.1038843765854836
vn -0.5629300475120544 -0.5952359437942505 -0.5734142661094666
vn 0.09159315377473831 -0.2928318083286285 -0.9517669081687927
vn 0.03473618999123573 -0.3134046494960785 -0.9489841461181641
vn 0.2628620564937592 0.3307443559169769 -0.9063728451728821
vn 0.5297936797142029 0.3389956057071686 -0.7774320840835571
vn 0.2573671638965607 0.9154144525527954 -0.3094810545444489
vn -0.3325764834880829 0.6238688230514526 -0.7072344422340393
vn -0.4041343629360199 0.8734642863273621 0.2715429365634918
vn -0.6728742718696594 0.1400641351938248 0.7263761162757874
vn -0.6927556991577148 -0.7211154103279114 0.00905974768102169
vn -0.7658770084381104 -0.5679179430007935 0.3014988899230957
vn -0.5834971070289612 -0.7618869543075562 -0.2811750173568726
vn -0.9742356538772583 -0.2209829837083817 -0.04507093131542206
vn -0.9833782315254211 -0.1622632294893265 -0.0814734622836113
vn -0.5320581793785095 0.08746924996376038 0.84217768907547
vn -0.6069144606590271 0.08290629833936691 0.7904311418533325
vn -0.7053185105323792 -0.190257728099823 -0.6828819513320923
vn -0.6903762221336365 -0.329840213060379 -0.6438835859298706
vn -0.7195345759391785 -0.06586494296789169 -0.6913261413574219
vn -0.4518007040023804 0.5903124213218689 0.6688851714134216
vn -0.1812145709991455 -0.03498000651597977 -0.9828212857246399
vn 0.1345894038677216 0.3179128170013428 -0.9385185837745667
vn -0.6987723708152771 0.1791142076253891 -0.6925570368766785
vn 0.01071642991155386 0.3516273498535156 -0.9360787272453308
vn -0.2034804970026016 0.1564363539218903 -0.9665005803108215
vn -0.4461527168750763 0.3515979051589966 -0.822998583316803
vn -0.1701914668083191 0.092357337474823 -0.9810733795166016
vn 0.2158712446689606 0.3278099298477173 -0.9197500944137573
vn 0.6499184966087341 0.6979730725288391 -0.3007316589355469
vn -0.2135769724845886 0.4763372838497162 -0.8529288768768311
vn -0.3790821731090546 0.9143406748771668 -0.1424003392457962
vn -0.148586705327034 0.7029837965965271 0.6955111622810364
vn 0.7841230630874634 0.5247048139572144 -0.3314149677753449
vn 0.2787197232246399 0.333937793970108 -0.9004448056221008
vn -0.2390333116054535 0.5185772776603699 -0.8209388852119446
vn -0.1570550799369812 0.9730602502822876 -0.1687822192907333
vn 0.2291603088378906 0.6904045939445496 0.686168372631073
vn -0.7547658085823059 0.3695821464061737 -0.5419756770133972
vn -0.86058109998703 0.5056931972503662 0.06061815097928047
vn -0.4930627644062042 0.4941626489162445 0.7160254120826721
vn -0.09083694964647293 0.2066727131605148 -0.9741842746734619
vn -0.2842713296413422 0.08093823492527008 -0.9553213119506836
vn -0.1131979078054428 0.166426345705986 -0.9795348644256592
vn 0.4683688580989838 -0.2046724408864975 -0.8594997525215149
vn 0.4948777556419373 -0.06711146980524063 -0.8663671612739563
vn 0.483538955450058 0.2756791114807129 0.8307774066925049
vn 0.317198246717453 0.2709507048130035 0.9088294506072998
vn 0.912443220615387 -0.04990997165441513 0.406148225069046
vn 0.9263916611671448 -0.2431135624647141 -0.2875661849975586
vn 0.421431303024292 0.8712713718414307 -0.2515588104724884
vn -0.7099415063858032 0.7002537250518799 -0.07501868158578873
vn 0.621110200881958 0.1460021585226059 0.7700035572052002
vn -0.1094457879662514 0.1235738396644592 -0.9862814545631409
vn -0.1330819427967072 0.07206721603870392 -0.9884814023971558
vn -0.1140092015266419 0.1045316979289055 -0.9879651069641113
vn -0.1522253751754761 0.1166333481669426 -0.9814398288726807
vn -0.1426255404949188 0.1858715415000916 -0.9721675515174866
vn 0.04235762730240822 0.2126636654138565 -0.9762069582939148
vn 0.9023317098617554 -0.07470744103193283 0.424518883228302
vn 0.9645265936851502 -0.1223202720284462 -0.2339363098144531
vn -0.7950968146324158 -0.01750107482075691 0.6062299609184265
vn -0.959430456161499 0.009728491306304932 -0.2817775011062622
vn -0.9920621514320374 -0.03439010679721832 0.1209544762969017
vn -0.7582195997238159 0.009190740995109081 0.6519345045089722
vn -0.9192655682563782 0.02602219395339489 -0.3927768170833588
vn -0.9958164095878601 -0.003089933423325419 0.0913240909576416
vn -0.7353513240814209 0.01068298891186714 0.6776018738746643
vn -0.9974967241287231 -0.06463629752397537 -0.02867838554084301
vn -0.9995036125183106 -0.02301829680800438 0.02150997892022133
vn -0.7893117070198059 -0.03865111246705055 -0.6127749085426331
vn -0.8377428650856018 0.001827059779316187 -0.5460618138313294
vn -0.9912629723548889 -0.1122401282191277 -0.06928093731403351
vn -0.7376659512519836 -0.1006579548120499 -0.6676203608512878
vn -0.8775454759597778 0.02676460519433022 -0.478745847940445
vn -0.998160183429718 0.005831255111843348 0.06035134941339493
vn 0.5064733624458313 -0.01941731944680214 -0.862036943435669
vn -0.02642391808331013 0.1163315698504448 -0.99285888671875
vn 0.5335490107536316 -0.06183429807424545 -0.8435057401657105
vn -0.07327166944742203 0.1307412981987 -0.9887052178382874
vn -0.1609950512647629 0.1038258597254753 -0.9814788699150085
vn -0.2126346230506897 0.1132777482271195 -0.9705435037612915
vn -0.01360362395644188 0.05326435342431068 -0.9984877705574036
vn -0.2186068147420883 0.1160479187965393 -0.968887984752655
vn -0.01501019485294819 -0.325202614068985 -0.9455252289772034
vn 0.1981777101755142 0.2370279580354691 -0.9510748386383057
vn 0.02859368361532688 -0.05029147490859032 -0.9983251690864563
vn 0.03117910958826542 -0.09277573227882385 -0.9951987266540527
vn 0.01859586499631405 0.02058643475174904 -0.9996151328086853
vn -0.03574015572667122 0.2209084630012512 -0.9746394753456116
vn 0.1226435303688049 0.2207452356815338 -0.9675898551940918
vn -0.1786283999681473 0.1913598328828812 -0.9651286602020264
vn -0.179057851433754 0.1422631740570068 -0.9734985828399658
vn -0.1422176510095596 0.2081189900636673 -0.967708945274353
vn -0.05572167038917542 0.1606145799160004 -0.9854430556297302
vn -0.1188571900129318 0.1296749264001846 -0.9844071269035339
vn -0.1192026063799858 0.1838319301605225 -0.9757031202316284
vn -0.1345956474542618 0.1737905740737915 -0.9755412936210632
vn 0.6390809416770935 0.02544445730745792 0.7687184810638428
vn 0.4730810523033142 0.09557749330997467 0.875819206237793
vn 0.320846289396286 0.155280277132988 0.9343156218528748
vn 0.2206913083791733 0.2027413845062256 0.954039454460144
vn 0.08704462647438049 0.2053733021020889 0.9748051166534424
vn -0.1163886561989784 0.1799467504024506 0.9767665266990662
vn -0.3220762312412262 0.130621612071991 0.9376592636108398
vn -0.5711028575897217 0.08844016492366791 0.8161004185676575
vn 0.2676907777786255 0.1046239584684372 0.9578076601028442
vn 0.4253710508346558 0.06504472345113754 0.9026786088943481
vn -0.3862948715686798 0.09937979280948639 0.9170059561729431
vn -0.1484949290752411 0.1142488121986389 0.9822914600372315
vn 0.3291618525981903 0.06471053510904312 0.9420536160469055
vn 0.1090483143925667 0.05603940412402153 0.9924555420875549
vn -0.1694577485322952 0.07951892167329788 0.9823241829872131
vn 0.09117903560400009 0.1092641055583954 0.9898220896720886
vn -0.07463388890028 0.1162032783031464 0.9904173612594605
vn 0.097173772752285 0.1055285707116127 0.9896569848060608
vn 0.2463196963071823 0.09832672774791718 0.9641879796981812
vn 0.2142183184623718 0.1234278753399849 0.9689561724662781
vn 0.09289184212684631 0.1163206398487091 0.9888582229614258
vn -0.06271243840456009 0.1157087087631226 0.9913014769554138
vn 0.5537397265434265 0.01653764769434929 0.8325255513191223
vn 0.5407329201698303 0.02706092968583107 0.8407589793205261
vn 0.5379124283790588 0.0248778872191906 0.8426335453987122
vn 0.5337682366371155 0.02156633697450161 0.845355749130249
vn 0.5322116613388062 0.0207257904112339 0.8463575839996338
vn 0.5434528589248657 0.03021470457315445 0.8388957381248474
vn 0.5248445272445679 0.02539820224046707 0.8508191108703613
vn 0.5183045864105225 0.02932091429829598 0.8546932935714722
vn 0.5407239198684692 0.02800253592431545 0.8407339453697205
vn 0.5402455925941467 0.02839394472539425 0.8410282135009766
vn 0.5393326282501221 0.02912255935370922 0.841589093208313
vn 0.5379921197891235 0.03021750785410404 0.8424080610275269
vn 0.5232641696929932 0.04107258468866348 0.8511801362037659
vn 0.5080878138542175 0.05136478692293167 0.8597723245620728
vn 0.5053843259811401 0.05360293015837669 0.861227810382843
vn 0.4907350242137909 0.06584668904542923 0.8688172101974487
vn 0.4698132872581482 0.08629320561885834 0.8785379528999329
vn 0.4717205762863159 0.08386527001857758 0.8777506947517395
vn 0.4757055640220642 0.07951082289218903 0.8760035634040833
vn 0.496462494134903 0.04241644963622093 0.8670212626457214
vn 0.4747996330261231 0.05595437437295914 0.878313422203064
vn 0.4733543992042542 0.05681397393345833 0.8790379762649536
vn 0.4695750772953033 0.05935478210449219 0.8808951377868652
vn 0.4652861654758453 0.09845731407403946 0.8796675205230713
vn 0.4662761390209198 0.09263138473033905 0.8797761201858521
vn 0.4290582239627838 0.1069879978895187 0.8969184160232544
vn 0.4293339848518372 0.1042895913124085 0.8971042633056641
vn 0.4304737746715546 0.0994529128074646 0.8971072435379028
vn 0.4307088851928711 0.09560719877481461 0.8974124789237976
vn 0.4312213063240051 0.09331084787845612 0.8974080681800842
vn 0.4418035745620728 0.07779237627983093 0.8937326073646545
vn 0.4313924610614777 0.0920427069067955 0.8974567651748657
vn 0.4324673414230347 0.08904529362916946 0.8972418308258057
vn 0.4378926157951355 0.08140299469232559 0.8953343629837036
vn 0.4341200888156891 0.08600545674562454 0.8967400789260864
vn 0.4349007308483124 0.08487631380558014 0.8964694142341614
vn 0.476190447807312 0.1753850430250168 0.8616743683815002
vn 0.475897878408432 0.1710988283157349 0.862697184085846
vn 0.4733387231826782 0.1599924117326737 0.8662291169166565
vn 0.4721494317054749 0.1548783183097839 0.8678061962127686
vn 0.4726804494857788 0.172780379652977 0.8641297221183777
vn 0.46895432472229 0.1357746422290802 0.8727239370346069
vn 0.4668700098991394 0.1161046251654625 0.8766710162162781
vn 0.4657740294933319 0.1042590960860252 0.8787403702735901
vn 0.4657382071018219 0.16466423869133 0.8694674372673035
vn 0.4629680216312408 0.1609552055597305 0.8716387152671814
vn 0.4582491517066956 0.1539640426635742 0.8753872513771057
vn 0.4541488289833069 0.1484438627958298 0.8784721493721008
vn 0.4466918706893921 0.1370873600244522 0.8841229677200317
vn 0.4446755349636078 0.1346749663352966 0.8855090737342835
vn 0.4423697590827942 0.1304619163274765 0.8872929215431213
vn 0.4399217665195465 0.1268617659807205 0.8890303373336792
vn 0.4309197962284088 0.115006759762764 0.8950315713882446
vn 0.4297307729721069 0.1134618297219276 0.8958001136779785
vn 0.5444460511207581 0.03188873082399368 0.8381894826889038
vn 0.5004310011863709 0.03989465907216072 0.8648567795753479
vn 0.4435383379459381 0.07657551765441895 0.8929781317710877
vn 0.5662699341773987 0.02088279463350773 0.823955237865448
vn 0.5676694512367249 0.02064681239426136 0.8229976296424866
vn 0.5453590154647827 0.02403060346841812 0.8378580212593079
vn 0.5735512375831604 0.01959202252328396 0.8189353346824646
vn 0.5766399502754211 0.01902671158313751 0.8167768120765686
vn 0.5837488174438477 0.01774775423109531 0.8117402791976929
vn 0.5961599349975586 0.01529485359787941 0.8027200102806091
vn 0.6025198101997376 0.01431001164019108 0.7979756593704224
vn 0.6074997186660767 0.01366738881915808 0.7942023277282715
vn 0.6108556985855103 0.01399105601012707 0.7916183471679688
vn 0.6107610464096069 0.01408987119793892 0.7916896343231201
vn 0.6090855002403259 0.01554132252931595 0.7929522395133972
vn 0.5944015979766846 0.02039841935038567 0.8039095997810364
vn 0.5889343023300171 0.02190937660634518 0.8078838586807251
vn 0.5512823462486267 0.03046445176005364 0.8337623476982117
vn 0.5616253018379211 0.02838434278964996 0.8269047141075134
vn 0.5662364363670349 0.02741501666605473 0.8237867951393127
vn 0.4662982523441315 0.09118638932704926 0.8799152970314026
vn 0.4651496112346649 0.09890661388635635 0.8796893358230591
vn -0.4413861930370331 0.3114733099937439 0.8415240049362183
vn 0.8687114715576172 -0.4655416607856751 0.1691490113735199
vn 0.9074671268463135 -0.274131178855896 0.3183637261390686
vn -0.4497664570808411 0.2255859822034836 0.8641881346702576
vn 0.7999868392944336 -0.5500695109367371 0.2396760135889053
vn -0.4321340322494507 0.2811810672283173 0.856853187084198
vn -0.3716658055782318 0.3035844266414642 0.8773260712623596
vn 0.8461788296699524 -0.4868444800376892 0.2167113721370697
vn 0.8941267728805542 -0.3879349231719971 0.2237047404050827
vn 0.9020923376083374 -0.3159341514110565 0.2939642667770386
vn 0.8990923166275024 -0.2787915766239166 0.3375029563903809
vn 0.8828986287117004 -0.2158577144145966 0.4170077741146088
f 814/814/814 815/815/815 808/808/808
f 814/814/814 808/808/808 811/811/811
f 816/816/816 817/817/817 809/809/809
f 809/809/809 817/817/817 818/818/818
f 812/812/812 807/807/807 813/813/813
f 812/812/812 810/810/810 807/807/807
f 735/735/735 737/737/737 734/734/734
f 737/737/737 718/718/718 721/721/721
f 738/738/738 786/786/786 718/718/718
f 718/718/718 737/737/737 738/738/738
f 731/731/731 788/788/788 38/38/38
f 731/731/731 38/38/38 790/790/790
f 737/737/737 721/721/721 734/734/734
f 721/721/721 732/732/732 733/733/733
f 721/721/721 733/733/733 734/734/734
f 721/721/721 37/37/37 785/785/785
f 732/732/732 721/721/721 736/736/736
f 736/736/736 721/721/721 785/785/785
f 709/709/709 744/744/744 743/743/743
f 752/752/752 753/753/753 718/718/718
f 745/745/745 709/709/709 746/746/746
f 709/709/709 745/745/745 744/744/744
f 718/718/718 753/753/753 787/787/787
f 710/710/710 805/805/805 709/709/709
f 747/747/747 709/709/709 805/805/805
f 746/746/746 709/709/709 749/749/749
f 747/747/747 748/748/748 709/709/709
f 749/749/749 709/709/709 748/748/748
f 786/786/786 750/750/750 718/718/718
f 752/752/752 718/718/718 751/751/751
f 718/718/718 750/750/750 751/751/751
f 38/38/38 739/739/739 790/790/790
f 743/743/743 38/38/38 709/709/709
f 38/38/38 743/743/743 742/742/742
f 38/38/38 742/742/742 741/741/741
f 741/741/741 740/740/740 38/38/38
f 739/739/739 38/38/38 740/740/740
f 760/760/760 759/759/759 711/711/711
f 757/757/757 756/756/756 711/711/711
f 711/711/711 756/756/756 784/784/784
f 757/757/757 711/711/711 758/758/758
f 758/758/758 711/711/711 759/759/759
f 755/755/755 710/710/710 754/754/754
f 754/754/754 710/710/710 806/806/806
f 710/710/710 755/755/755 805/805/805
f 711/711/711 762/762/762 760/760/760
f 718/718/718 761/761/761 717/717/717
f 766/766/766 717/717/717 764/764/764
f 717/717/717 761/761/761 764/764/764
f 761/761/761 718/718/718 787/787/787
f 717/717/717 765/765/765 763/763/763
f 717/717/717 763/763/763 762/762/762
f 711/711/711 717/717/717 762/762/762
f 717/717/717 766/766/766 765/765/765
f 783/783/783 711/711/711 784/784/784
f 770/770/770 772/772/772 710/710/710
f 773/773/773 774/774/774 710/710/710
f 710/710/710 774/774/774 806/806/806
f 710/710/710 772/772/772 773/773/773
f 779/779/779 711/711/711 780/780/780
f 782/782/782 711/711/711 783/783/783
f 711/711/711 782/782/782 781/781/781
f 781/781/781 780/780/780 711/711/711
f 711/711/711 779/779/779 778/778/778
f 770/770/770 710/710/710 769/769/769
f 40/40/40 768/768/768 710/710/710
f 769/769/769 710/710/710 768/768/768
f 768/768/768 40/40/40 767/767/767
f 771/771/771 767/767/767 39/39/39
f 40/40/40 39/39/39 767/767/767
f 775/775/775 771/771/771 711/711/711
f 777/777/777 711/711/711 778/778/778
f 711/711/711 777/777/777 776/776/776
f 711/711/711 776/776/776 775/775/775
f 711/711/711 771/771/771 39/39/39
f 28/28/28 794/794/794 27/27/27
f 803/803/803 802/802/802 37/37/37
f 793/793/793 28/28/28 792/792/792
f 28/28/28 793/793/793 794/794/794
f 37/37/37 802/802/802 785/785/785
f 791/791/791 38/38/38 789/789/789
f 788/788/788 789/789/789 38/38/38
f 28/28/28 38/38/38 792/792/792
f 791/791/791 792/792/792 38/38/38
f 803/803/803 37/37/37 804/804/804
f 37/37/37 800/800/800 801/801/801
f 37/37/37 801/801/801 804/804/804
f 27/27/27 799/799/799 37/37/37
f 800/800/800 37/37/37 799/799/799
f 795/795/795 27/27/27 794/794/794
f 27/27/27 795/795/795 796/796/796
f 27/27/27 796/796/796 797/797/797
f 797/797/797 798/798/798 27/27/27
f 799/799/799 27/27/27 798/798/798
f 562/562/562 559/559/559 120/120/120 623/623/623
f 623/623/623 120/120/120 119/119/119 621/621/621
f 621/621/621 119/119/119 116/116/116 622/622/622
f 622/622/622 116/116/116 568/568/568 566/566/566
f 567/567/567 571/571/571 548/548/548 588/588/588
f 588/588/588 548/548/548 69/69/69 586/586/586
f 586/586/586 69/69/69 68/68/68 587/587/587
f 587/587/587 68/68/68 560/560/560 565/565/565
f 566/566/566 568/568/568 571/571/571 567/567/567
f 565/565/565 560/560/560 559/559/559 562/562/562
f 483/483/483 469/469/469 320/320/320 482/482/482
f 471/471/471 318/318/318 469/469/469 483/483/483
f 482/482/482 320/320/320 321/321/321 481/481/481
f 481/481/481 321/321/321 322/322/322 286/286/286
f 288/288/288 484/484/484 319/319/319 470/470/470
f 470/470/470 319/319/319 318/318/318 471/471/471
f 286/286/286 322/322/322 323/323/323 287/287/287
f 287/287/287 323/323/323 484/484/484 288/288/288
f 480/480/480 464/464/464 83/83/83 479/479/479
f 466/466/466 154/154/154 464/464/464 480/480/480
f 479/479/479 83/83/83 86/86/86 478/478/478
f 478/478/478 86/86/86 161/161/161 290/290/290
f 292/292/292 485/485/485 155/155/155 465/465/465
f 465/465/465 155/155/155 154/154/154 466/466/466
f 290/290/290 161/161/161 164/164/164 291/291/291
f 291/291/291 164/164/164 485/485/485 292/292/292
f 477/477/477 459/459/459 306/306/306 476/476/476
f 461/461/461 304/304/304 459/459/459 477/477/477
f 476/476/476 306/306/306 307/307/307 475/475/475
f 475/475/475 307/307/307 308/308/308 282/282/282
f 284/284/284 502/502/502 305/305/305 460/460/460
f 460/460/460 305/305/305 304/304/304 461/461/461
f 282/282/282 308/308/308 309/309/309 283/283/283
f 283/283/283 309/309/309 502/502/502 284/284/284
f 474/474/474 454/454/454 299/299/299 473/473/473
f 456/456/456 296/296/296 454/454/454 474/474/474
f 473/473/473 299/299/299 298/298/298 472/472/472
f 472/472/472 298/298/298 300/300/300 278/278/278
f 280/280/280 519/519/519 297/297/297 455/455/455
f 455/455/455 297/297/297 296/296/296 456/456/456
f 278/278/278 300/300/300 301/301/301 279/279/279
f 279/279/279 301/301/301 519/519/519 280/280/280
f 57/57/57 617/617/617 616/616/616 58/58/58
f 613/613/613 61/61/61 58/58/58 616/616/616
f 61/61/61 613/613/613 612/612/612 62/62/62
f 62/62/62 612/612/612 611/611/611 64/64/64
f 64/64/64 611/611/611 610/610/610 551/551/551
f 609/609/609 605/605/605 551/551/551 610/610/610
f 619/619/619 545/545/545 605/605/605 609/609/609
f 545/545/545 619/619/619 617/617/617 57/57/57
f 599/599/599 124/124/124 128/128/128 602/602/602
f 127/127/127 603/603/603 602/602/602 128/128/128
f 603/603/603 127/127/127 546/546/546 589/589/589
f 118/118/118 590/590/590 589/589/589 546/546/546
f 117/117/117 593/593/593 590/590/590 118/118/118
f 122/122/122 595/595/595 593/593/593 117/117/117
f 121/121/121 597/597/597 595/595/595 122/122/122
f 124/124/124 599/599/599 597/597/597 121/121/121
f 4/4/4 3/3/3 243/243/243 245/245/245
f 247/247/247 5/5/5 4/4/4 245/245/245
f 5/5/5 247/247/247 249/249/249 8/8/8
f 607/607/607 10/10/10 8/8/8 249/249/249
f 629/629/629 11/11/11 10/10/10 607/607/607
f 11/11/11 629/629/629 624/624/624 14/14/14
f 14/14/14 624/624/624 232/232/232 16/16/16
f 235/235/235 17/17/17 16/16/16 232/232/232
f 236/236/236 19/19/19 17/17/17 235/235/235
f 19/19/19 236/236/236 239/239/239 22/22/22
f 22/22/22 239/239/239 241/241/241 24/24/24
f 241/241/241 243/243/243 3/3/3 24/24/24
f 715/715/715 720/720/720 730/730/730 714/714/714
f 717/717/717 711/711/711 712/712/712 728/728/728
f 728/728/728 712/712/712 713/713/713 729/729/729
f 714/714/714 730/730/730 729/729/729 713/713/713
f 730/730/730 720/720/720 724/724/724 729/729/729
f 717/717/717 728/728/728 729/729/729 724/724/724
f 719/719/719 723/723/723 725/725/725 720/720/720
f 718/718/718 717/717/717 727/727/727 721/721/721
f 725/725/725 723/723/723 722/722/722 726/726/726
f 721/721/721 727/727/727 726/726/726 722/722/722
f 727/727/727 717/717/717 724/724/724 726/726/726
f 720/720/720 725/725/725 726/726/726 724/724/724
f 723/723/723 719/719/719 626/626/626 35/35/35
f 35/35/35 36/36/36 722/722/722 723/723/723
f 721/721/721 722/722/722 36/36/36 37/37/37
f 716/716/716 620/620/620 626/626/626 719/719/719
f 626/626/626 620/620/620 608/608/608 627/627/627
f 720/720/720 715/715/715 716/716/716 719/719/719
f 52/52/52 132/132/132 620/620/620 716/716/716
f 47/47/47 52/52/52 716/716/716 715/715/715
f 709/709/709 38/38/38 28/28/28 670/670/670
f 48/48/48 47/47/47 715/715/715 714/714/714
f 48/48/48 714/714/714 713/713/713 43/43/43
f 43/43/43 713/713/713 712/712/712 44/44/44
f 44/44/44 712/712/712 711/711/711 39/39/39
f 40/40/40 710/710/710 709/709/709 663/663/663
f 663/663/663 709/709/709 670/670/670 31/31/31
f 703/703/703 706/706/706 708/708/708 702/702/702
f 705/705/705 700/700/700 704/704/704 707/707/707
f 707/707/707 704/704/704 702/702/702 708/708/708
f 705/705/705 707/707/707 708/708/708 706/706/706
f 706/706/706 703/703/703 699/699/699 698/698/698
f 697/697/697 701/701/701 700/700/700 705/705/705
f 706/706/706 698/698/698 697/697/697 705/705/705
f 701/701/701 697/697/697 695/695/695 696/696/696
f 704/704/704 691/691/691 692/692/692 702/702/702
f 700/700/700 690/690/690 691/691/691 704/704/704
f 693/693/693 699/699/699 703/703/703 694/694/694
f 692/692/692 694/694/694 703/703/703 702/702/702
f 635/635/635 669/669/669 701/701/701 696/696/696
f 701/701/701 669/669/669 690/690/690 700/700/700
f 226/226/226 234/234/234 233/233/233 227/227/227
f 234/234/234 226/226/226 225/225/225 237/237/237
f 224/224/224 238/238/238 237/237/237 225/225/225
f 223/223/223 240/240/240 238/238/238 224/224/224
f 222/222/222 242/242/242 240/240/240 223/223/223
f 231/231/231 244/244/244 242/242/242 222/222/222
f 230/230/230 246/246/246 244/244/244 231/231/231
f 229/229/229 248/248/248 246/246/246 230/230/230
f 606/606/606 248/248/248 229/229/229 228/228/228
f 684/684/684 628/628/628 606/606/606 228/228/228
f 683/683/683 625/625/625 628/628/628 684/684/684
f 683/683/683 227/227/227 233/233/233 625/625/625
f 649/649/649 430/430/430 432/432/432 653/653/653
f 650/650/650 429/429/429 430/430/430 649/649/649
f 651/651/651 424/424/424 429/429/429 650/650/650
f 658/658/658 425/425/425 424/424/424 651/651/651
f 420/420/420 425/425/425 658/658/658 659/659/659
f 660/660/660 421/421/421 420/420/420 659/659/659
f 434/434/434 421/421/421 660/660/660 655/655/655
f 432/432/432 434/434/434 655/655/655 653/653/653
f 699/699/699 693/693/693 689/689/689 30/30/30
f 699/699/699 30/30/30 25/25/25 698/698/698
f 6/6/6 7/7/7 697/697/697 698/698/698
f 1/1/1 6/6/6 698/698/698 25/25/25
f 9/9/9 695/695/695 697/697/697 7/7/7
f 614/614/614 615/615/615 696/696/696 695/695/695
f 615/615/615 618/618/618 635/635/635 696/696/696
f 130/130/130 614/614/614 695/695/695 66/66/66
f 9/9/9 12/12/12 66/66/66 695/695/695
f 694/694/694 668/668/668 688/688/688 693/693/693
f 668/668/668 694/694/694 692/692/692 667/667/667
f 687/687/687 689/689/689 693/693/693 688/688/688
f 691/691/691 690/690/690 665/665/665 666/666/666
f 666/666/666 667/667/667 692/692/692 691/691/691
f 665/665/665 690/690/690 669/669/669 664/664/664
f 29/29/29 30/30/30 689/689/689 671/671/671
f 689/689/689 687/687/687 32/32/32 671/671/671
f 656/656/656 687/687/687 688/688/688 654/654/654
f 654/654/654 688/688/688 668/668/668 646/646/646
f 33/33/33 32/32/32 687/687/687 656/656/656
f 675/675/675 677/677/677 674/674/674 672/672/672
f 675/675/675 678/678/678 686/686/686 677/677/677
f 217/217/217 680/680/680 686/686/686 678/678/678
f 680/680/680 682/682/682 685/685/685 686/686/686
f 207/207/207 198/198/198 685/685/685 682/682/682
f 681/681/681 682/682/682 680/680/680 679/679/679
f 684/684/684 681/681/681 679/679/679 683/683/683
f 189/189/189 676/676/676 685/685/685 198/198/198
f 676/676/676 677/677/677 686/686/686 685/685/685
f 228/228/228 218/218/218 681/681/681 684/684/684
f 683/683/683 679/679/679 216/216/216 227/227/227
f 218/218/218 207/207/207 682/682/682 681/681/681
f 679/679/679 680/680/680 217/217/217 216/216/216
f 678/678/678 197/197/197 206/206/206 217/217/217
f 188/188/188 197/197/197 678/678/678 675/675/675
f 189/189/189 183/183/183 673/673/673 676/676/676
f 673/673/673 674/674/674 677/677/677 676/676/676
f 672/672/672 179/179/179 188/188/188 675/675/675
f 29/29/29 671/671/671 670/670/670 28/28/28
f 670/670/670 671/671/671 32/32/32 31/31/31
f 664/664/664 669/669/669 635/635/635 636/636/636
f 668/668/668 645/645/645 646/646/646
f 645/645/645 668/668/668 667/667/667 652/652/652
f 652/652/652 667/667/667 666/666/666 641/641/641
f 641/641/641 666/666/666 639/639/639
f 665/665/665 638/638/638 639/639/639 666/666/666
f 637/637/637 664/664/664 633/633/633
f 638/638/638 665/665/665 664/664/664 637/637/637
f 633/633/633 664/664/664 636/636/636 632/632/632
f 632/632/632 636/636/636 634/634/634 630/630/630
f 663/663/663 657/657/657 648/648/648 40/40/40
f 31/31/31 34/34/34 657/657/657 663/663/663
f 41/41/41 40/40/40 648/648/648
f 39/39/39 42/42/42 643/643/643 44/44/44
f 45/45/45 44/44/44 643/643/643
f 49/49/49 48/48/48 631/631/631
f 662/662/662 661/661/661 49/49/49 631/631/631
f 661/661/661 662/662/662 637/637/637 633/633/633
f 537/537/537 662/662/662 631/631/631 536/536/536
f 662/662/662 537/537/537 538/538/538 637/637/637
f 661/661/661 325/325/325 324/324/324 49/49/49
f 325/325/325 661/661/661 633/633/633 338/338/338
f 50/50/50 49/49/49 324/324/324 329/329/329
f 53/53/53 50/50/50 329/329/329 328/328/328
f 543/543/543 536/536/536 631/631/631 46/46/46
f 542/542/542 543/543/543 46/46/46 45/45/45
f 643/643/643 42/42/42 535/535/535 529/529/529
f 33/33/33 656/656/656 655/655/655 660/660/660
f 660/660/660 659/659/659 34/34/34 33/33/33
f 42/42/42 41/41/41 534/534/534 535/535/535
f 657/657/657 34/34/34 659/659/659 658/658/658
f 648/648/648 657/657/657 658/658/658 651/651/651
f 656/656/656 654/654/654 653/653/653 655/655/655
f 654/654/654 646/646/646 649/649/649 653/653/653
f 645/645/645 652/652/652 531/531/531 532/532/532
f 652/652/652 641/641/641 530/530/530 531/531/531
f 647/647/647 648/648/648 651/651/651 650/650/650
f 646/646/646 647/647/647 650/650/650 649/649/649
f 644/644/644 41/41/41 648/648/648 647/647/647
f 645/645/645 644/644/644 647/647/647 646/646/646
f 532/532/532 533/533/533 644/644/644 645/645/645
f 533/533/533 534/534/534 41/41/41 644/644/644
f 529/529/529 528/528/528 642/642/642 643/643/643
f 643/643/643 642/642/642 640/640/640 45/45/45
f 541/541/541 542/542/542 45/45/45 640/640/640
f 641/641/641 642/642/642 528/528/528 530/530/530
f 639/639/639 640/640/640 642/642/642 641/641/641
f 640/640/640 639/639/639 540/540/540 541/541/541
f 539/539/539 540/540/540 639/639/639 638/638/638
f 538/538/538 539/539/539 638/638/638 637/637/637
f 630/630/630 634/634/634 51/51/51 54/54/54
f 618/618/618 634/634/634 636/636/636 635/635/635
f 131/131/131 51/51/51 634/634/634 618/618/618
f 336/336/336 338/338/338 633/633/633 632/632/632
f 334/334/334 336/336/336 632/632/632 630/630/630
f 43/43/43 46/46/46 631/631/631 48/48/48
f 47/47/47 50/50/50 53/53/53 52/52/52
f 328/328/328 333/333/333 54/54/54 53/53/53
f 630/630/630 54/54/54 333/333/333 334/334/334
f 606/606/606 628/628/628 629/629/629 607/607/607
f 625/625/625 624/624/624 629/629/629 628/628/628
f 608/608/608 553/553/553 552/552/552 627/627/627
f 35/35/35 626/626/626 627/627/627 552/552/552
f 625/625/625 233/233/233 232/232/232 624/624/624
f 125/125/125 555/555/555 554/554/554 126/126/126
f 123/123/123 558/558/558 555/555/555 125/125/125
f 120/120/120 559/559/559 558/558/558 123/123/123
f 621/621/621 563/563/563 562/562/562 623/623/623
f 622/622/622 566/566/566 563/563/563 621/621/621
f 115/115/115 569/569/569 568/568/568 116/116/116
f 572/572/572 569/569/569 115/115/115 547/547/547
f 126/126/126 554/554/554 572/572/572 547/547/547
f 604/604/604 574/574/574 576/576/576 601/601/601
f 578/578/578 600/600/600 601/601/601 576/576/576
f 600/600/600 578/578/578 577/577/577 598/598/598
f 598/598/598 577/577/577 579/579/579 596/596/596
f 596/596/596 579/579/579 580/580/580 594/594/594
f 594/594/594 580/580/580 581/581/581 591/591/591
f 591/591/591 581/581/581 575/575/575 592/592/592
f 574/574/574 604/604/604 592/592/592 575/575/575
f 132/132/132 609/609/609 608/608/608 620/620/620
f 132/132/132 131/131/131 619/619/619 609/609/609
f 617/617/617 619/619/619 131/131/131 618/618/618
f 545/545/545 544/544/544 582/582/582 605/605/605
f 617/617/617 618/618/618 615/615/615 616/616/616
f 614/614/614 613/613/613 616/616/616 615/615/615
f 613/613/613 614/614/614 130/130/130 612/612/612
f 612/612/612 130/130/130 129/129/129 611/611/611
f 611/611/611 129/129/129 553/553/553 610/610/610
f 608/608/608 609/609/609 610/610/610 553/553/553
f 607/607/607 249/249/249 248/248/248 606/606/606
f 8/8/8 10/10/10 9/9/9 7/7/7
f 605/605/605 582/582/582 550/550/550 551/551/551
f 18/18/18 35/35/35 552/552/552 15/15/15
f 604/604/604 603/603/603 589/589/589 592/592/592
f 603/603/603 604/604/604 601/601/601 602/602/602
f 600/600/600 599/599/599 602/602/602 601/601/601
f 599/599/599 600/600/600 598/598/598 597/597/597
f 597/597/597 598/598/598 596/596/596 595/595/595
f 595/595/595 596/596/596 594/594/594 593/593/593
f 593/593/593 594/594/594 591/591/591 590/590/590
f 590/590/590 591/591/591 592/592/592 589/589/589
f 573/573/573 557/557/557 584/584/584 585/585/585
f 549/549/549 570/570/570 573/573/573 585/585/585
f 548/548/548 571/571/571 570/570/570 549/549/549
f 586/586/586 564/564/564 567/567/567 588/588/588
f 587/587/587 565/565/565 564/564/564 586/586/586
f 67/67/67 561/561/561 560/560/560 68/68/68
f 556/556/556 561/561/561 67/67/67 583/583/583
f 584/584/584 557/557/557 556/556/556 583/583/583
f 581/581/581 582/582/582 544/544/544 575/575/575
f 115/115/115 118/118/118 546/546/546 547/547/547
f 573/573/573 570/570/570 569/569/569 572/572/572
f 70/70/70 549/549/549 585/585/585 584/584/584
f 67/67/67 70/70/70 584/584/584 583/583/583
f 558/558/558 561/561/561 556/556/556 555/555/555
f 128/128/128 124/124/124 123/123/123 125/125/125
f 55/55/55 60/60/60 578/578/578 576/576/576
f 58/58/58 61/61/61 60/60/60 55/55/55
f 580/580/580 550/550/550 582/582/582 581/581/581
f 579/579/579 63/63/63 550/550/550 580/580/580
f 577/577/577 59/59/59 63/63/63 579/579/579
f 578/578/578 60/60/60 59/59/59 577/577/577
f 574/574/574 56/56/56 55/55/55 576/576/576
f 575/575/575 544/544/544 56/56/56 574/574/574
f 554/554/554 557/557/557 573/573/573 572/572/572
f 569/569/569 570/570/570 571/571/571 568/568/568
f 566/566/566 567/567/567 564/564/564 563/563/563
f 563/563/563 564/564/564 565/565/565 562/562/562
f 559/559/559 560/560/560 561/561/561 558/558/558
f 555/555/555 556/556/556 557/557/557 554/554/554
f 13/13/13 14/14/14 16/16/16 15/15/15
f 552/552/552 65/65/65 13/13/13 15/15/15
f 553/553/553 129/129/129 65/65/65 552/552/552
f 63/63/63 64/64/64 551/551/551 550/550/550
f 119/119/119 122/122/122 117/117/117 116/116/116
f 69/69/69 548/548/548 549/549/549 70/70/70
f 127/127/127 126/126/126 547/547/547 546/546/546
f 544/544/544 545/545/545 57/57/57 56/56/56
f 326/326/326 516/516/516 515/515/515 327/327/327
f 514/514/514 330/330/330 327/327/327 515/515/515
f 330/330/330 514/514/514 513/513/513 331/331/331
f 512/512/512 332/332/332 331/331/331 513/513/513
f 332/332/332 512/512/512 511/511/511 335/335/335
f 335/335/335 511/511/511 518/518/518 337/337/337
f 337/337/337 518/518/518 517/517/517 339/339/339
f 339/339/339 517/517/517 516/516/516 326/326/326
f 543/543/543 361/361/361 360/360/360 536/536/536
f 356/356/356 361/361/361 543/543/543 542/542/542
f 541/541/541 357/357/357 356/356/356 542/542/542
f 540/540/540 370/370/370 357/357/357 541/541/541
f 539/539/539 368/368/368 370/370/370 540/540/540
f 538/538/538 366/366/366 368/368/368 539/539/539
f 537/537/537 365/365/365 366/366/366 538/538/538
f 360/360/360 365/365/365 537/537/537 536/536/536
f 535/535/535 393/393/393 392/392/392 529/529/529
f 388/388/388 393/393/393 535/535/535 534/534/534
f 533/533/533 389/389/389 388/388/388 534/534/534
f 402/402/402 389/389/389 533/533/533 532/532/532
f 531/531/531 400/400/400 402/402/402 532/532/532
f 530/530/530 398/398/398 400/400/400 531/531/531
f 528/528/528 396/396/396 398/398/398 530/530/530
f 529/529/529 392/392/392 396/396/396 528/528/528
f 431/431/431 526/526/526 527/527/527 433/433/433
f 433/433/433 527/527/527 521/521/521 435/435/435
f 435/435/435 521/521/521 520/520/520 422/422/422
f 422/422/422 520/520/520 522/522/522 423/423/423
f 523/523/523 426/426/426 423/423/423 522/522/522
f 426/426/426 523/523/523 524/524/524 427/427/427
f 525/525/525 428/428/428 427/427/427 524/524/524
f 428/428/428 525/525/525 526/526/526 431/431/431
f 527/527/527 105/105/105 108/108/108 521/521/521
f 526/526/526 101/101/101 105/105/105 527/527/527
f 525/525/525 102/102/102 101/101/101 526/526/526
f 111/111/111 102/102/102 525/525/525 524/524/524
f 523/523/523 112/112/112 111/111/111 524/524/524
f 316/316/316 112/112/112 523/523/523 522/522/522
f 520/520/520 107/107/107 316/316/316 522/522/522
f 521/521/521 108/108/108 107/107/107 520/520/520
f 343/343/343 140/140/140 139/139/139 355/355/355
f 355/355/355 139/139/139 136/136/136 353/353/353
f 353/353/353 136/136/136 135/135/135 350/350/350
f 350/350/350 135/135/135 297/297/297 351/351/351
f 519/519/519 347/347/347 351/351/351 297/297/297
f 347/347/347 519/519/519 301/301/301 344/344/344
f 142/142/142 342/342/342 344/344/344 301/301/301
f 342/342/342 142/142/142 140/140/140 343/343/343
f 504/504/504 340/340/340 354/354/354 510/510/510
f 510/510/510 354/354/354 352/352/352 509/509/509
f 509/509/509 352/352/352 349/349/349 508/508/508
f 508/508/508 349/349/349 348/348/348 507/507/507
f 346/346/346 506/506/506 507/507/507 348/348/348
f 506/506/506 346/346/346 345/345/345 505/505/505
f 341/341/341 503/503/503 505/505/505 345/345/345
f 503/503/503 341/341/341 340/340/340 504/504/504
f 511/511/511 91/91/91 95/95/95 518/518/518
f 518/518/518 95/95/95 98/98/98 517/517/517
f 517/517/517 98/98/98 97/97/97 516/516/516
f 516/516/516 97/97/97 294/294/294 515/515/515
f 88/88/88 514/514/514 515/515/515 294/294/294
f 514/514/514 88/88/88 87/87/87 513/513/513
f 92/92/92 512/512/512 513/513/513 87/87/87
f 512/512/512 92/92/92 91/91/91 511/511/511
f 94/94/94 504/504/504 510/510/510 96/96/96
f 96/96/96 510/510/510 509/509/509 99/99/99
f 99/99/99 509/509/509 508/508/508 100/100/100
f 100/100/100 508/508/508 507/507/507 295/295/295
f 506/506/506 89/89/89 295/295/295 507/507/507
f 89/89/89 506/506/506 505/505/505 90/90/90
f 503/503/503 93/93/93 90/90/90 505/505/505
f 93/93/93 503/503/503 504/504/504 94/94/94
f 375/375/375 150/150/150 149/149/149 387/387/387
f 387/387/387 149/149/149 146/146/146 385/385/385
f 385/385/385 146/146/146 145/145/145 382/382/382
f 382/382/382 145/145/145 305/305/305 383/383/383
f 502/502/502 379/379/379 383/383/383 305/305/305
f 379/379/379 502/502/502 309/309/309 376/376/376
f 152/152/152 374/374/374 376/376/376 309/309/309
f 374/374/374 152/152/152 150/150/150 375/375/375
f 495/495/495 372/372/372 386/386/386 501/501/501
f 501/501/501 386/386/386 384/384/384 500/500/500
f 500/500/500 384/384/384 381/381/381 499/499/499
f 499/499/499 381/381/381 380/380/380 498/498/498
f 378/378/378 497/497/497 498/498/498 380/380/380
f 497/497/497 378/378/378 377/377/377 496/496/496
f 373/373/373 494/494/494 496/496/496 377/377/377
f 494/494/494 373/373/373 372/372/372 495/495/495
f 260/260/260 495/495/495 501/501/501 261/261/261
f 261/261/261 501/501/501 500/500/500 256/256/256
f 256/256/256 500/500/500 499/499/499 257/257/257
f 257/257/257 499/499/499 498/498/498 303/303/303
f 497/497/497 252/252/252 303/303/303 498/498/498
f 252/252/252 497/497/497 496/496/496 253/253/253
f 494/494/494 263/263/263 253/253/253 496/496/496
f 263/263/263 494/494/494 495/495/495 260/260/260
f 367/367/367 259/259/259 258/258/258 369/369/369
f 369/369/369 258/258/258 255/255/255 371/371/371
f 371/371/371 255/255/255 254/254/254 358/358/358
f 358/358/358 254/254/254 302/302/302 359/359/359
f 251/251/251 362/362/362 359/359/359 302/302/302
f 362/362/362 251/251/251 250/250/250 363/363/363
f 262/262/262 364/364/364 363/363/363 250/250/250
f 364/364/364 262/262/262 259/259/259 367/367/367
f 399/399/399 492/492/492 493/493/493 401/401/401
f 401/401/401 493/493/493 487/487/487 403/403/403
f 486/486/486 390/390/390 403/403/403 487/487/487
f 390/390/390 486/486/486 488/488/488 391/391/391
f 489/489/489 394/394/394 391/391/391 488/488/488
f 394/394/394 489/489/489 490/490/490 395/395/395
f 395/395/395 490/490/490 491/491/491 397/397/397
f 397/397/397 491/491/491 492/492/492 399/399/399
f 493/493/493 272/272/272 315/315/315 487/487/487
f 492/492/492 273/273/273 272/272/272 493/493/493
f 491/491/491 276/276/276 273/273/273 492/492/492
f 490/490/490 264/264/264 276/276/276 491/491/491
f 489/489/489 265/265/265 264/264/264 490/490/490
f 268/268/268 265/265/265 489/489/489 488/488/488
f 486/486/486 269/269/269 268/268/268 488/488/488
f 269/269/269 486/486/486 487/487/487 315/315/315
f 407/407/407 160/160/160 159/159/159 419/419/419
f 419/419/419 159/159/159 313/313/313 416/416/416
f 156/156/156 414/414/414 416/416/416 313/313/313
f 414/414/414 156/156/156 155/155/155 415/415/415
f 485/485/485 411/411/411 415/415/415 155/155/155
f 411/411/411 485/485/485 164/164/164 409/409/409
f 409/409/409 164/164/164 163/163/163 406/406/406
f 406/406/406 163/163/163 160/160/160 407/407/407
f 274/274/274 404/404/404 418/418/418 275/275/275
f 275/275/275 418/418/418 417/417/417 314/314/314
f 413/413/413 270/270/270 314/314/314 417/417/417
f 270/270/270 413/413/413 412/412/412 271/271/271
f 410/410/410 266/266/266 271/271/271 412/412/412
f 266/266/266 410/410/410 408/408/408 267/267/267
f 267/267/267 408/408/408 405/405/405 277/277/277
f 277/277/277 405/405/405 404/404/404 274/274/274
f 439/439/439 172/172/172 171/171/171 451/451/451
f 451/451/451 171/171/171 168/168/168 449/449/449
f 449/449/449 168/168/168 167/167/167 446/446/446
f 446/446/446 167/167/167 319/319/319 447/447/447
f 484/484/484 443/443/443 447/447/447 319/319/319
f 443/443/443 484/484/484 323/323/323 440/440/440
f 174/174/174 438/438/438 440/440/440 323/323/323
f 438/438/438 174/174/174 172/172/172 439/439/439
f 104/104/104 436/436/436 450/450/450 106/106/106
f 106/106/106 450/450/450 448/448/448 109/109/109
f 109/109/109 448/448/448 445/445/445 110/110/110
f 110/110/110 445/445/445 444/444/444 317/317/317
f 442/442/442 113/113/113 317/317/317 444/444/444
f 113/113/113 442/442/442 441/441/441 114/114/114
f 437/437/437 103/103/103 114/114/114 441/441/441
f 103/103/103 437/437/437 436/436/436 104/104/104
f 165/165/165 170/170/170 72/72/72 468/468/468
f 467/467/467 166/166/166 165/165/165 468/468/468
f 318/318/318 166/166/166 467/467/467 469/469/469
f 289/289/289 471/471/471 483/483/483 482/482/482
f 286/286/286 289/289/289 482/482/482 481/481/481
f 74/74/74 173/173/173 322/322/322 321/321/321
f 73/73/73 169/169/169 173/173/173 74/74/74
f 72/72/72 170/170/170 169/169/169 73/73/73
f 312/312/312 158/158/158 310/310/310 462/462/462
f 463/463/463 153/153/153 312/312/312 462/462/462
f 464/464/464 154/154/154 153/153/153 463/463/463
f 293/293/293 466/466/466 480/480/480 479/479/479
f 290/290/290 293/293/293 479/479/479 478/478/478
f 85/85/85 162/162/162 161/161/161 86/86/86
f 157/157/157 162/162/162 85/85/85 311/311/311
f 310/310/310 158/158/158 157/157/157 311/311/311
f 143/143/143 148/148/148 80/80/80 458/458/458
f 457/457/457 144/144/144 143/143/143 458/458/458
f 304/304/304 144/144/144 457/457/457 459/459/459
f 285/285/285 461/461/461 477/477/477 476/476/476
f 282/282/282 285/285/285 476/476/476 475/475/475
f 82/82/82 151/151/151 308/308/308 307/307/307
f 81/81/81 147/147/147 151/151/151 82/82/82
f 80/80/80 148/148/148 147/147/147 81/81/81
f 133/133/133 138/138/138 75/75/75 452/452/452
f 453/453/453 134/134/134 133/133/133 452/452/452
f 296/296/296 134/134/134 453/453/453 454/454/454
f 281/281/281 456/456/456 474/474/474 473/473/473
f 278/278/278 281/281/281 473/473/473 472/472/472
f 77/77/77 141/141/141 300/300/300 298/298/298
f 76/76/76 137/137/137 141/141/141 77/77/77
f 75/75/75 138/138/138 137/137/137 76/76/76
f 423/423/423 426/426/426 425/425/425 420/420/420
f 317/317/317 113/113/113 112/112/112 316/316/316
f 447/447/447 443/443/443 442/442/442 444/444/444
f 288/288/288 470/470/470 471/471/471 289/289/289
f 467/467/467 71/71/71 320/320/320 469/469/469
f 468/468/468 72/72/72 71/71/71 467/467/467
f 171/171/171 170/170/170 165/165/165 168/168/168
f 450/450/450 451/451/451 449/449/449 448/448/448
f 105/105/105 106/106/106 109/109/109 108/108/108
f 432/432/432 433/433/433 435/435/435 434/434/434
f 391/391/391 394/394/394 393/393/393 388/388/388
f 271/271/271 266/266/266 265/265/265 268/268/268
f 415/415/415 411/411/411 410/410/410 412/412/412
f 292/292/292 465/465/465 466/466/466 293/293/293
f 463/463/463 84/84/84 83/83/83 464/464/464
f 310/310/310 84/84/84 463/463/463 462/462/462
f 159/159/159 158/158/158 312/312/312 313/313/313
f 418/418/418 419/419/419 416/416/416 417/417/417
f 272/272/272 275/275/275 314/314/314 315/315/315
f 400/400/400 401/401/401 403/403/403 402/402/402
f 359/359/359 362/362/362 361/361/361 356/356/356
f 303/303/303 252/252/252 251/251/251 302/302/302
f 383/383/383 379/379/379 378/378/378 380/380/380
f 284/284/284 460/460/460 461/461/461 285/285/285
f 457/457/457 79/79/79 306/306/306 459/459/459
f 458/458/458 80/80/80 79/79/79 457/457/457
f 149/149/149 148/148/148 143/143/143 146/146/146
f 386/386/386 387/387/387 385/385/385 384/384/384
f 258/258/258 261/261/261 256/256/256 255/255/255
f 368/368/368 369/369/369 371/371/371 370/370/370
f 327/327/327 330/330/330 329/329/329 324/324/324
f 295/295/295 89/89/89 88/88/88 294/294/294
f 351/351/351 347/347/347 346/346/346 348/348/348
f 280/280/280 455/455/455 456/456/456 281/281/281
f 78/78/78 299/299/299 454/454/454 453/453/453
f 75/75/75 78/78/78 453/453/453 452/452/452
f 139/139/139 138/138/138 133/133/133 136/136/136
f 354/354/354 355/355/355 353/353/353 352/352/352
f 95/95/95 96/96/96 99/99/99 98/98/98
f 336/336/336 337/337/337 339/339/339 338/338/338
f 436/436/436 439/439/439 451/451/451 450/450/450
f 448/448/448 449/449/449 446/446/446 445/445/445
f 445/445/445 446/446/446 447/447/447 444/444/444
f 442/442/442 443/443/443 440/440/440 441/441/441
f 438/438/438 437/437/437 441/441/441 440/440/440
f 437/437/437 438/438/438 439/439/439 436/436/436
f 434/434/434 435/435/435 422/422/422 421/421/421
f 430/430/430 431/431/431 433/433/433 432/432/432
f 429/429/429 428/428/428 431/431/431 430/430/430
f 427/427/427 428/428/428 429/429/429 424/424/424
f 425/425/425 426/426/426 427/427/427 424/424/424
f 421/421/421 422/422/422 423/423/423 420/420/420
f 404/404/404 407/407/407 419/419/419 418/418/418
f 414/414/414 413/413/413 417/417/417 416/416/416
f 413/413/413 414/414/414 415/415/415 412/412/412
f 410/410/410 411/411/411 409/409/409 408/408/408
f 408/408/408 409/409/409 406/406/406 405/405/405
f 405/405/405 406/406/406 407/407/407 404/404/404
f 403/403/403 390/390/390 389/389/389 402/402/402
f 398/398/398 399/399/399 401/401/401 400/400/400
f 396/396/396 397/397/397 399/399/399 398/398/398
f 392/392/392 395/395/395 397/397/397 396/396/396
f 393/393/393 394/394/394 395/395/395 392/392/392
f 389/389/389 390/390/390 391/391/391 388/388/388
f 372/372/372 375/375/375 387/387/387 386/386/386
f 384/384/384 385/385/385 382/382/382 381/381/381
f 381/381/381 382/382/382 383/383/383 380/380/380
f 378/378/378 379/379/379 376/376/376 377/377/377
f 374/374/374 373/373/373 377/377/377 376/376/376
f 373/373/373 374/374/374 375/375/375 372/372/372
f 370/370/370 371/371/371 358/358/358 357/357/357
f 366/366/366 367/367/367 369/369/369 368/368/368
f 365/365/365 364/364/364 367/367/367 366/366/366
f 363/363/363 364/364/364 365/365/365 360/360/360
f 361/361/361 362/362/362 363/363/363 360/360/360
f 357/357/357 358/358/358 359/359/359 356/356/356
f 340/340/340 343/343/343 355/355/355 354/354/354
f 352/352/352 353/353/353 350/350/350 349/349/349
f 349/349/349 350/350/350 351/351/351 348/348/348
f 346/346/346 347/347/347 344/344/344 345/345/345
f 342/342/342 341/341/341 345/345/345 344/344/344
f 341/341/341 342/342/342 343/343/343 340/340/340
f 338/338/338 339/339/339 326/326/326 325/325/325
f 334/334/334 335/335/335 337/337/337 336/336/336
f 333/333/333 332/332/332 335/335/335 334/334/334
f 331/331/331 332/332/332 333/333/333 328/328/328
f 329/329/329 330/330/330 331/331/331 328/328/328
f 325/325/325 326/326/326 327/327/327 324/324/324
f 114/114/114 103/103/103 102/102/102 111/111/111
f 173/173/173 174/174/174 323/323/323 322/322/322
f 71/71/71 74/74/74 321/321/321 320/320/320
f 319/319/319 167/167/167 166/166/166 318/318/318
f 107/107/107 110/110/110 317/317/317 316/316/316
f 270/270/270 269/269/269 315/315/315 314/314/314
f 153/153/153 156/156/156 313/313/313 312/312/312
f 311/311/311 85/85/85 84/84/84 310/310/310
f 160/160/160 163/163/163 162/162/162 157/157/157
f 276/276/276 277/277/277 274/274/274 273/273/273
f 253/253/253 263/263/263 262/262/262 250/250/250
f 151/151/151 152/152/152 309/309/309 308/308/308
f 79/79/79 82/82/82 307/307/307 306/306/306
f 305/305/305 145/145/145 144/144/144 304/304/304
f 254/254/254 257/257/257 303/303/303 302/302/302
f 90/90/90 93/93/93 92/92/92 87/87/87
f 141/141/141 142/142/142 301/301/301 300/300/300
f 77/77/77 298/298/298 299/299/299 78/78/78
f 297/297/297 135/135/135 134/134/134 296/296/296
f 97/97/97 100/100/100 295/295/295 294/294/294
f 291/291/291 292/292/292 293/293/293 290/290/290
f 287/287/287 288/288/288 289/289/289 286/286/286
f 283/283/283 284/284/284 285/285/285 282/282/282
f 279/279/279 280/280/280 281/281/281 278/278/278
f 264/264/264 267/267/267 277/277/277 276/276/276
f 273/273/273 274/274/274 275/275/275 272/272/272
f 269/269/269 270/270/270 271/271/271 268/268/268
f 265/265/265 266/266/266 267/267/267 264/264/264
f 262/262/262 263/263/263 260/260/260 259/259/259
f 259/259/259 260/260/260 261/261/261 258/258/258
f 255/255/255 256/256/256 257/257/257 254/254/254
f 251/251/251 252/252/252 253/253/253 250/250/250
f 246/246/246 248/248/248 249/249/249 247/247/247
f 246/246/246 247/247/247 245/245/245 244/244/244
f 244/244/244 245/245/245 243/243/243 242/242/242
f 242/242/242 243/243/243 241/241/241 240/240/240
f 240/240/240 241/241/241 239/239/239 238/238/238
f 238/238/238 239/239/239 236/236/236 237/237/237
f 235/235/235 234/234/234 237/237/237 236/236/236
f 233/233/233 234/234/234 235/235/235 232/232/232
f 222/222/222 211/211/211 221/221/221 231/231/231
f 231/231/231 221/221/221 220/220/220 230/230/230
f 230/230/230 220/220/220 219/219/219 229/229/229
f 229/229/229 219/219/219 218/218/218 228/228/228
f 227/227/227 216/216/216 215/215/215 226/226/226
f 226/226/226 215/215/215 214/214/214 225/225/225
f 225/225/225 214/214/214 213/213/213 224/224/224
f 224/224/224 213/213/213 212/212/212 223/223/223
f 223/223/223 212/212/212 211/211/211 222/222/222
f 211/211/211 202/202/202 210/210/210 221/221/221
f 221/221/221 210/210/210 209/209/209 220/220/220
f 220/220/220 209/209/209 208/208/208 219/219/219
f 219/219/219 208/208/208 207/207/207 218/218/218
f 216/216/216 217/217/217 206/206/206 215/215/215
f 215/215/215 206/206/206 205/205/205 214/214/214
f 214/214/214 205/205/205 204/204/204 213/213/213
f 213/213/213 204/204/204 203/203/203 212/212/212
f 212/212/212 203/203/203 202/202/202 211/211/211
f 202/202/202 193/193/193 201/201/201 210/210/210
f 210/210/210 201/201/201 200/200/200 209/209/209
f 209/209/209 200/200/200 199/199/199 208/208/208
f 208/208/208 199/199/199 198/198/198 207/207/207
f 206/206/206 197/197/197 196/196/196 205/205/205
f 205/205/205 196/196/196 195/195/195 204/204/204
f 204/204/204 195/195/195 194/194/194 203/203/203
f 203/203/203 194/194/194 193/193/193 202/202/202
f 193/193/193 184/184/184 192/192/192 201/201/201
f 201/201/201 192/192/192 191/191/191 200/200/200
f 200/200/200 191/191/191 190/190/190 199/199/199
f 199/199/199 190/190/190 189/189/189 198/198/198
f 197/197/197 188/188/188 187/187/187 196/196/196
f 196/196/196 187/187/187 186/186/186 195/195/195
f 195/195/195 186/186/186 185/185/185 194/194/194
f 194/194/194 185/185/185 184/184/184 193/193/193
f 184/184/184 175/175/175 180/180/180 192/192/192
f 192/192/192 180/180/180 181/181/181 191/191/191
f 191/191/191 181/181/181 182/182/182 190/190/190
f 190/190/190 182/182/182 183/183/183 189/189/189
f 188/188/188 179/179/179 178/178/178 187/187/187
f 187/187/187 178/178/178 177/177/177 186/186/186
f 186/186/186 177/177/177 176/176/176 185/185/185
f 185/185/185 176/176/176 175/175/175 184/184/184
f 169/169/169 172/172/172 174/174/174 173/173/173
f 170/170/170 171/171/171 172/172/172 169/169/169
f 166/166/166 167/167/167 168/168/168 165/165/165
f 162/162/162 163/163/163 164/164/164 161/161/161
f 158/158/158 159/159/159 160/160/160 157/157/157
f 154/154/154 155/155/155 156/156/156 153/153/153
f 147/147/147 150/150/150 152/152/152 151/151/151
f 148/148/148 149/149/149 150/150/150 147/147/147
f 144/144/144 145/145/145 146/146/146 143/143/143
f 137/137/137 140/140/140 142/142/142 141/141/141
f 138/138/138 139/139/139 140/140/140 137/137/137
f 134/134/134 135/135/135 136/136/136 133/133/133
f 51/51/51 131/131/131 132/132/132 52/52/52
f 129/129/129 130/130/130 66/66/66 65/65/65
f 126/126/126 127/127/127 128/128/128 125/125/125
f 123/123/123 124/124/124 121/121/121 120/120/120
f 120/120/120 121/121/121 122/122/122 119/119/119
f 116/116/116 117/117/117 118/118/118 115/115/115
f 112/112/112 113/113/113 114/114/114 111/111/111
f 108/108/108 109/109/109 110/110/110 107/107/107
f 101/101/101 104/104/104 106/106/106 105/105/105
f 102/102/102 103/103/103 104/104/104 101/101/101
f 98/98/98 99/99/99 100/100/100 97/97/97
f 91/91/91 94/94/94 96/96/96 95/95/95
f 92/92/92 93/93/93 94/94/94 91/91/91
f 88/88/88 89/89/89 90/90/90 87/87/87
f 84/84/84 85/85/85 86/86/86 83/83/83
f 80/80/80 81/81/81 82/82/82 79/79/79
f 76/76/76 77/77/77 78/78/78 75/75/75
f 72/72/72 73/73/73 74/74/74 71/71/71
f 68/68/68 69/69/69 70/70/70 67/67/67
f 13/13/13 65/65/65 66/66/66 12/12/12
f 59/59/59 62/62/62 64/64/64 63/63/63
f 60/60/60 61/61/61 62/62/62 59/59/59
f 56/56/56 57/57/57 58/58/58 55/55/55
f 52/52/52 53/53/53 54/54/54 51/51/51
f 48/48/48 49/49/49 50/50/50 47/47/47
f 44/44/44 45/45/45 46/46/46 43/43/43
f 40/40/40 41/41/41 42/42/42 39/39/39
f 23/23/23 27/27/27 37/37/37 21/21/21
f 20/20/20 21/21/21 37/37/37 36/36/36
f 18/18/18 20/20/20 36/36/36 35/35/35
f 32/32/32 33/33/33 34/34/34 31/31/31
f 26/26/26 25/25/25 30/30/30 29/29/29
f 27/27/27 26/26/26 29/29/29 28/28/28
f 2/2/2 26/26/26 27/27/27 23/23/23
f 25/25/25 26/26/26 2/2/2 1/1/1
f 24/24/24 3/3/3 2/2/2 23/23/23
f 21/21/21 22/22/22 24/24/24 23/23/23
f 20/20/20 19/19/19 22/22/22 21/21/21
f 17/17/17 19/19/19 20/20/20 18/18/18
f 16/16/16 17/17/17 18/18/18 15/15/15
f 12/12/12 11/11/11 14/14/14 13/13/13
f 10/10/10 11/11/11 12/12/12 9/9/9
f 6/6/6 5/5/5 8/8/8 7/7/7
f 4/4/4 5/5/5 6/6/6 1/1/1
f 2/2/2 3/3/3 4/4/4 1/1/1
g object_2
v 2.417021989822388 4.045014381408691 1.420679807662964
v 2.413909196853638 4.037087440490723 1.422484159469605
v 2.3941490650177 3.959595680236816 1.435428380966187
v 2.392836809158325 3.949135780334473 1.436514139175415
v 2.390502214431763 3.914254188537598 1.439136743545532
v 2.390822649002075 3.879101753234863 1.44046950340271
v 2.39140248298645 3.867753028869629 1.440667390823364
v 2.392729997634888 3.849114418029785 1.440811395645142
v 2.402091264724731 3.759469032287598 1.440043687820435
v 2.402785539627075 3.752728462219238 1.439990758895874
v 2.406432390213013 3.712334632873535 1.439924478530884
v 2.409247636795044 3.668435096740723 1.440411806106567
v 2.409545183181763 3.662430763244629 1.440522432327271
v 2.411376237869263 3.609589576721191 1.44186806678772
v 2.412017107009888 3.559857368469238 1.44366717338562
v 2.412047624588013 3.545559883117676 1.444258451461792
v 2.412039995193481 3.537781715393066 1.444595098495483
v 2.411582231521606 3.429581642150879 1.452536344528198
v 2.425673723220825 4.063271522521973 1.41761040687561
v 2.404319047927856 4.008069038391113 1.428400754928589
v 2.397246599197388 3.978280067443848 1.433122873306274
v 2.397834062576294 3.798691749572754 1.440458059310913
v 2.409697771072388 3.65923023223877 1.440582036972046
v 2.41178822517395 3.497357368469238 1.446606397628784
v 2.411528825759888 3.456036567687988 1.449681997299194
v 2.41227650642395 3.389534950256348 1.458706140518189
v 2.415862321853638 3.657208442687988 1.442667245864868
v 2.417021989822388 4.045014381408691 1.420679807662964
v 2.413909196853638 4.037087440490723 1.422484159469605
v 2.3941490650177 3.959595680236816 1.435428380966187
v 2.392836809158325 3.949135780334473 1.436514139175415
v 2.390502214431763 3.914254188537598 1.439136743545532
v 2.390822649002075 3.879101753234863 1.44046950340271
v 2.39140248298645 3.867753028869629 1.440667390823364
v 2.392729997634888 3.849114418029785 1.440811395645142
v 2.397834062576294 3.798691749572754 1.440458059310913
v 2.402091264724731 3.759469032287598 1.440043687820435
v 2.402785539627075 3.752728462219238 1.439990758895874
v 2.406432390213013 3.712334632873535 1.439924478530884
v 2.409247636795044 3.668435096740723 1.440411806106567
v 2.409545183181763 3.662430763244629 1.440522432327271
v 2.411376237869263 3.609589576721191 1.44186806678772
v 2.412017107009888 3.559857368469238 1.44366717338562
v 2.412047624588013 3.545559883117676 1.444258451461792
v 2.412039995193481 3.537781715393066 1.444595098495483
v 2.41178822517395 3.497357368469238 1.446606397628784
v 2.411582231521606 3.429581642150879 1.452536344528198
v 2.368560075759888 3.884518623352051 1.472760438919067
v 2.368773698806763 3.861023902893066 1.473651647567749
v 2.369940996170044 3.838170051574707 1.47405219078064
v 2.370604753494263 3.829960823059082 1.47407603263855
v 2.373381853103638 3.80559253692627 1.473753213882446
v 2.377066850662231 3.781502723693848 1.47297739982605
v 2.385901689529419 3.730401039123535 1.470831155776978
v 2.387046098709106 3.723462104797363 1.470566034317017
v 2.387664079666138 3.719731330871582 1.470423936843872
v 2.396422624588013 3.659035682678223 1.468721151351929
v 2.406714677810669 3.506123542785645 1.470269441604614
v 2.406317949295044 3.477559089660645 1.471879720687866
v 2.405028581619263 3.449158668518066 1.474109411239624
v 2.425673723220825 4.063271522521973 1.41761040687561
v 2.400779008865356 4.007870674133301 1.440961599349976
v 2.40873646736145 4.031594276428223 1.43606448173523
v 2.41227650642395 3.389534950256348 1.458706140518189
v 2.411528825759888 3.456036567687988 1.449681997299194
v 2.409697771072388 3.65923023223877 1.440582036972046
v 2.397246599197388 3.978280067443848 1.433122873306274
v 2.404319047927856 4.008069038391113 1.428400754928589
v 2.406729936599731 3.667363166809082 1.4445960521698
v 2.433287858963013 3.586926460266113 1.450303792953491
v 2.406371355056763 3.506718635559082 1.471873998641968
v 2.406104326248169 3.528138160705566 1.469598054885864
v 2.405844926834106 3.560235023498535 1.466118574142456
v 2.405509233474731 3.569973945617676 1.465250253677368
v 2.405493974685669 3.477681159973145 1.475579977035523
v 2.403655290603638 3.591370582580566 1.466782331466675
v 2.401580095291138 3.608582496643066 1.468342065811157
v 2.435019731521606 3.650937080383301 1.449145555496216
v 2.434890031814575 3.653035163879395 1.449101209640503
v 2.434623003005981 3.656880378723145 1.449039697647095
v 2.434272050857544 3.662739753723145 1.448914766311646
v 2.428923845291138 3.717686653137207 1.448972940444946
v 2.422415971755981 3.766144752502441 1.450214624404907
v 2.421607255935669 3.774117469787598 1.450581312179565
v 2.417533159255981 3.818417549133301 1.452345609664917
v 2.416030168533325 3.900395393371582 1.451784372329712
v 2.415412187576294 3.889523506164551 1.4523766040802
v 2.415068864822388 3.871098518371582 1.45293402671814
v 2.394004106521606 3.66701602935791 1.473054170608521
v 2.3838951587677 3.730080604553223 1.475528955459595
v 2.383170366287231 3.733975410461426 1.475741624832153
v 2.381430864334106 3.742264747619629 1.476654291152954
v 2.423499345779419 3.964116096496582 1.44389796257019
v 2.419196367263794 3.932717323303223 1.44860577583313
v 2.37895131111145 3.959576606750488 1.462891817092896
v 2.376891374588013 3.949131965637207 1.464269876480103
v 2.374106645584106 3.931134223937988 1.46631932258606
v 2.370635271072388 3.909695625305176 1.469773054122925
v 2.368972063064575 3.89482593536377 1.47212290763855
v 2.368071794509888 3.802681922912598 1.483098745346069
v 2.367888689041138 3.886475563049316 1.473497152328491
v 2.366309404373169 3.867539405822754 1.476287126541138
v 2.366164445877075 3.822407722473145 1.481549501419067
v 2.36552357673645 3.84898853302002 1.478727102279663
v 2.3654625415802 3.842297554016113 1.479521036148071
v 2.43131947517395 4.071850776672363 1.418213605880737
v 2.43131947517395 4.071850776672363 1.418213605880737
v 2.431151628494263 4.06590747833252 1.419510126113892
v 2.42887806892395 4.05049991607666 1.423805475234985
v 2.427848100662231 4.043408393859863 1.425777673721314
v 2.427703142166138 4.068207740783691 1.420782804489136
v 2.425406694412231 4.01693058013916 1.432416677474976
v 2.42436146736145 3.989655494689941 1.438518285751343
v 2.423987627029419 3.973198890686035 1.442067384719849
v 2.42069935798645 4.056916236877441 1.426624059677124
v 2.417945146560669 4.051766395568848 1.429066896438599
v 2.413298845291138 4.04207706451416 1.433390378952026
v 2.409270524978638 4.034432411193848 1.436988115310669
v 2.402076005935669 4.018708229064941 1.443833112716675
v 2.400107622146606 4.015374183654785 1.445508241653442
v 2.397940874099731 4.00954532623291 1.447792291641235
v 2.395598649978638 4.00456714630127 1.449990510940552
v 2.386985063552856 3.988167762756348 1.45768666267395
v 2.385855913162231 3.986031532287598 1.45869517326355
v 2.404616594314575 3.46288013458252 1.477689504623413
v 2.395865678787231 3.65523624420166 1.472610235214233
v 2.369323015213013 3.79653263092041 1.483331918716431
v 2.437155961990356 3.517891883850098 1.455102205276489
v 2.436728715896606 3.513836860656738 1.45520806312561
v 2.4360191822052 3.629189491271973 1.449797868728638
v 2.435248613357544 3.497735023498535 1.455459833145142
v 2.434516191482544 3.489426612854004 1.455561399459839
v 2.432685136795044 3.469819068908691 1.455892324447632
v 2.430503129959106 3.438626289367676 1.455833673477173
v 2.427893877029419 3.41817569732666 1.456725358963013
v 2.4251549243927 3.400082588195801 1.457853555679321
v 2.419379472732544 3.376168251037598 1.461054563522339
v 2.418982744216919 3.375176429748535 1.461311101913452
v 2.413512468338013 3.362221717834473 1.46489405632019
v 2.413512468338013 3.362221717834473 1.46489405632019
v 2.406066179275513 3.369091987609863 1.471178293228149
v 2.404738664627075 3.375931739807129 1.472614526748657
v 2.404212236404419 3.448296546936035 1.477171182632446
v 2.403113603591919 3.424710273742676 1.476690053939819
v 2.402808427810669 3.414772987365723 1.476365327835083
v 2.417731523513794 3.922986030578613 1.450289011001587
v 2.423712968826294 3.965756416320801 1.443729162216187
vt 0.1360354870557785 0.07822588831186295
vt 0.1360354870557785 0.08760864287614822
vt 0.1360354870557785 0.1758996546268463
vt 0.1360354870557785 0.1873515397310257
vt 0.1360354870557785 0.2256376892328262
vt 0.1360354870557785 0.2639238238334656
vt 0.1360354870557785 0.2762058675289154
vt 0.1360354870557785 0.296477198600769
vt 0.1360354870557785 0.3971812427043915
vt 0.1360354870557785 0.4056028425693512
vt 0.1360354870557785 0.4569431245326996
vt 0.1360354870557785 0.5082833766937256
vt 0.1360354870557785 0.5147284865379334
vt 0.1360354870557785 0.5710053443908691
vt 0.1360354870557785 0.6238541007041931
vt 0.1360354870557785 0.6391319632530212
vt 0.1360354870557785 0.6474673748016357
vt 0.1360354870557785 0.7601073980331421
vt 0.1360354870557785 0.0562404990196228
vt 0.1360354870557785 0.1214195564389229
vt 0.1360354870557785 0.1552304923534393
vt 0.1360354870557785 0.3514593839645386
vt 0.1360354870557785 0.5181565880775452
vt 0.1360354870557785 0.6902235746383667
vt 0.1360354870557785 0.7329798340797424
vt 0.1360354870557785 0.8011063933372498
vt 0.1202867478132248 0.5181565880775452
vt 0.1375003308057785 0.0850919783115387
vt 0.1375003308057785 0.09529827535152435
vt 0.1375003308057785 0.1913388222455978
vt 0.1375003308057785 0.2037958651781082
vt 0.1375003308057785 0.2454424947500229
vt 0.1375003308057785 0.287089079618454
vt 0.1375003308057785 0.3004491627216339
vt 0.1375003308057785 0.3224997520446777
vt 0.1375003308057785 0.3823078572750092
vt 0.1375003308057785 0.4320428669452667
vt 0.1375003308057785 0.4412036240100861
vt 0.1375003308057785 0.4970501959323883
vt 0.1375003308057785 0.5528967380523682
vt 0.1375003308057785 0.5599075555801392
vt 0.1375003308057785 0.6211239695549011
vt 0.1375003308057785 0.6786113977432251
vt 0.1375003308057785 0.69523024559021
vt 0.1375003308057785 0.7042972445487976
vt 0.1375003308057785 0.7508062720298767
vt 0.1375003308057785 0.8268239498138428
vt 0.2247672080993652 0.3823078572750092
vt 0.2247672080993652 0.4071753621101379
vt 0.2247672080993652 0.4320428669452667
vt 0.2247672080993652 0.4412036240100861
vt 0.2247672080993652 0.4691269397735596
vt 0.2247672080993652 0.4970501959323883
vt 0.2247672080993652 0.5528967380523682
vt 0.2247672080993652 0.5599075555801392
vt 0.2247672080993652 0.5636365413665772
vt 0.2247672080993652 0.6211239695549011
vt 0.2247672080993652 0.7508062720298767
vt 0.2247672080993652 0.7740607857704163
vt 0.2247672080993652 0.7973152995109558
vt 0.1375003308057785 0.06117687001824379
vt 0.1811337620019913 0.1688554584980011
vt 0.1811337620019913 0.1320768594741821
vt 0.1375003308057785 0.8714215755462647
vt 0.1375003308057785 0.7973152995109558
vt 0.1375003308057785 0.5636365413665772
vt 0.1375003308057785 0.1688554584980011
vt 0.1375003308057785 0.1320768594741821
vt 0.1492326408624649 0.5636365413665772
vt 0.07891543209552765 0.5710053443908691
vt 0.2306831181049347 0.7508062124252319
vt 0.2247672080993652 0.7327308654785156
vt 0.2159364074468613 0.7042972445487976
vt 0.2134278416633606 0.69523024559021
vt 0.2382690161466599 0.7740607857704163
vt 0.2196319699287415 0.6786113977432251
vt 0.2247672230005264 0.6652714014053345
vt 0.07135067135095596 0.5181565880775452
vt 0.07140595465898514 0.5167635083198547
vt 0.07150105386972427 0.5141522288322449
vt 0.07165749371051788 0.5082833766937256
vt 0.07235565781593323 0.456943154335022
vt 0.07197545468807221 0.4056028425693512
vt 0.0710073858499527 0.3971812427043915
vt 0.06579556316137314 0.3514593839645386
vt 0.05893826112151146 0.2639238238334656
vt 0.05947219580411911 0.2762058675289154
vt 0.06070040166378021 0.296477198600769
vt 0.2388477027416229 0.6211239695549011
vt 0.239696130156517 0.5636365413665772
vt 0.2398019582033157 0.5599075555801392
vt 0.2414718568325043 0.5528967380523682
vt 0.06375297904014587 0.1873515397310257
vt 0.05975399166345596 0.2256377041339874
vt 0.2183093577623367 0.2870890498161316
vt 0.2179996520280838 0.3004491627216339
vt 0.2177040278911591 0.3224997520446777
vt 0.221112534403801 0.3511514365673065
vt 0.2247672080993652 0.3712305426597595
vt 0.251487135887146 0.4970502257347107
vt 0.2267572432756424 0.3823078572750092
vt 0.2316473126411438 0.4071753323078156
vt 0.2448634505271912 0.4691269397735596
vt 0.2367620468139648 0.4320428669452667
vt 0.2387080043554306 0.4412036240100861
vt 0.1360355019569397 0.04573272913694382
vt 0.1375003308057785 0.0497468076646328
vt 0.120590090751648 0.0562404990196228
vt 0.1072371229529381 0.07822588086128235
vt 0.1034470200538635 0.08760865032672882
vt 0.155975952744484 0.06117687374353409
vt 0.08985531330108643 0.1214195489883423
vt 0.07593028247356415 0.1552304923534393
vt 0.06753799319267273 0.1758996546268463
vt 0.1707882434129715 0.0850919783115387
vt 0.1744992583990097 0.09529827535152435
vt 0.1811337769031525 0.1151714995503426
vt 0.1863939017057419 0.1320768594741821
vt 0.1971143782138825 0.1688554584980011
vt 0.1994218230247498 0.1782788932323456
vt 0.2033681720495224 0.1913388222455978
vt 0.2067763060331345 0.2037958651781082
vt 0.2180353850126267 0.2454424947500229
vt 0.2195051312446594 0.2505648136138916
vt 0.2417173832654953 0.7862039804458618
vt 0.2387032508850098 0.6293564438819885
vt 0.2538374364376068 0.5047250986099243
vt 0.06710167229175568 0.6210591793060303
vt 0.06796620041131973 0.6238540410995483
vt 0.07066304236650467 0.5412208437919617
vt 0.07159622013568878 0.639132022857666
vt 0.07351468503475189 0.6474673748016357
vt 0.07822075486183167 0.6720523238182068
vt 0.08594640344381332 0.7059667110443115
vt 0.09245339035987854 0.7329798340797424
vt 0.09980550408363342 0.7601073980331421
vt 0.1158309876918793 0.8011063933372498
vt 0.1157503873109818 0.8041632175445557
vt 0.1360354721546173 0.8292883634567261
vt 0.1375003308057785 0.9020770788192749
vt 0.1758732944726944 0.8812267780303955
vt 0.1851424276828766 0.8714215755462647
vt 0.2357047498226166 0.7973153591156006
vt 0.224767193198204 0.8177549242973328
vt 0.2196956127882004 0.8268239498138428
vt 0.05801916494965553 0.2383771240711212
vt 0.06374033540487289 0.1855580657720566
vn -0.3865832686424255 0.349427193403244 0.853495180606842
vn -0.357132613658905 0.3327447772026062 0.8727755546569824
vn -0.2767841219902039 0.1436010748147965 0.9501417279243469
vn -0.2891235947608948 0.1239053383469582 0.949239194393158
vn -0.3476594686508179 0.06063710153102875 0.9356580972671509
vn -0.4116876423358917 0.002937089884653688 0.9113202691078186
vn -0.4286111891269684 -0.01307203713804483 0.9033944606781006
vn -0.4495782554149628 -0.03521965444087982 0.8925463557243347
vn -0.4432818591594696 -0.05332624539732933 0.8947947025299072
vn -0.4341903626918793 -0.05009327456355095 0.8994272947311401
vn -0.3681053221225739 -0.02463229559361935 0.9294577240943909
vn -0.3217347860336304 -0.0001559778902446851 0.9468297958374023
vn -0.3197223842144013 0.002598588820546866 0.9475076794624329
vn -0.339361310005188 0.0219285748898983 0.9404004812240601
vn -0.3669376373291016 0.03607360646128655 0.9295458197593689
vn -0.3668778836727142 0.03969718888401985 0.9294217228889465
vn -0.3643873631954193 0.0415770635008812 0.9303188920021057
vn -0.1216649934649468 0.1215743646025658 0.9850975871086121
vn -0.4413861930370331 0.3114733099937439 0.8415240049362183
vn -0.2806248664855957 0.2475117444992065 0.927355170249939
vn -0.2641797363758087 0.1803655028343201 0.9474583864212036
vn -0.4688718318939209 -0.06266320496797562 0.8810405731201172
vn -0.3191124498844147 0.004003382753580809 0.9477084279060364
vn -0.3139628171920776 0.05838260054588318 0.9476385712623596
vn -0.2086341083049774 0.0909685492515564 0.973753809928894
vn 0.02201054058969021 0.1843357980251312 0.9826168417930603
vn -0.3191328346729279 0.003934447187930346 0.9477018117904663
vn 0.926798939704895 -0.3518698811531067 0.1312682330608368
vn 0.9363226294517517 -0.3211532533168793 0.1419878154993057
vn 0.9778996109962463 -0.1171414256095886 0.173177033662796
vn 0.980046808719635 -0.09178566187620163 0.1763054132461548
vn 0.9723700284957886 -0.01241443213075399 0.2331144958734512
vn 0.9423319101333618 0.04663078859448433 0.3314153254032135
vn 0.9291096329689026 0.05987527966499329 0.3649249076843262
vn 0.9053502082824707 0.0756273940205574 0.4178773164749146
vn 0.8425812125205994 0.08742832392454147 0.5314255952835083
vn 0.8093317747116089 0.07915904372930527 0.581993043422699
vn 0.8066084384918213 0.07745710015296936 0.5859891176223755
vn 0.8102518320083618 0.06570682674646378 0.5823870301246643
vn 0.8410369753837585 0.05259610339999199 0.5384147763252258
vn 0.8461546301841736 0.05074311047792435 0.5305162072181702
vn 0.8983814120292664 0.03400969132781029 0.4378974437713623
vn 0.9473918676376343 0.01683565601706505 0.3196330070495606
vn 0.9584351778030396 0.01186279766261578 0.2850636839866638
vn 0.9635346531867981 0.009236034005880356 0.2674241960048676
vn 0.9781126976013184 0.004348512273281813 0.2080302834510803
vn 0.9260647296905518 0.05286607518792152 0.373643308877945
vn 0.7695578336715698 0.02233020216226578 0.6381865739822388
vn 0.7774831056594849 0.04062226414680481 0.627590537071228
vn 0.7928056120872498 0.06189263984560967 0.6063238382339478
vn 0.8006614446640015 0.0710514634847641 0.5948889851570129
vn 0.8280054926872253 0.09951575845479965 0.5518183708190918
vn 0.8552395701408386 0.1224846541881561 0.5035501718521118
vn 0.8991197347640991 0.134288489818573 0.4165937006473541
vn 0.9039222002029419 0.133105143904686 0.4064575135707855
vn 0.9063849449157715 0.1322650611400604 0.401213526725769
vn 0.9413754940032959 0.1120105385780335 0.3182228803634644
vn 0.9785206317901611 0.01036570034921169 0.2058880478143692
vn 0.9760273694992065 -0.01379979681223631 0.2172100245952606
vn 0.9682840704917908 -0.0377432182431221 0.246984601020813
vn 0.8687114715576172 -0.4655416607856751 0.1691490113735199
vn 0.9134644269943237 -0.2025292217731476 0.3529371321201325
vn 0.9074671268463135 -0.274131178855896 0.3183637261390686
vn 0.812924325466156 0.1301185339689255 0.5676470994949341
vn 0.9645747542381287 0.0221543088555336 0.2628778219223023
vn 0.8489716053009033 0.04975643008947372 0.5260908007621765
vn 0.9705678820610046 -0.1628409773111343 0.1774283647537231
vn 0.9543226361274719 -0.2380497455596924 0.1805563867092133
vn 0.8577775955200195 0.06069095432758331 0.5104255080223084
vn -0.3267336189746857 0.0356413871049881 0.9444441795349121
vn 0.9785354137420654 0.01059530023485422 0.2058061510324478
vn 0.9768160581588745 0.02787298150360584 0.2122580856084824
vn 0.9726294279098511 0.05073222890496254 0.2267559170722961
vn 0.9699448347091675 0.05657503381371498 0.2366564124822617
vn 0.9759835600852966 -0.01584657467901707 0.2172670215368271
vn 0.9655786752700806 0.07299520820379257 0.2496587187051773
vn 0.9612478017807007 0.08478429168462753 0.2623247802257538
vn -0.3191719055175781 0.003801985876634717 0.9476892352104187
vn -0.3198757767677307 0.00147352647036314 0.9474583268165588
vn -0.3212365210056305 -0.002858018502593041 0.9469946622848511
vn -0.3229508697986603 -0.006145917810499668 0.946395754814148
vn -0.3617320358753204 -0.05358004942536354 0.9307411909103394
vn -0.417418360710144 -0.07909031957387924 0.9052660465240479
vn -0.4267178177833557 -0.07975460588932037 0.9008613228797913
vn -0.4674830436706543 -0.06441859900951386 0.881651759147644
vn -0.4754157364368439 0.09804877638816834 0.8742804527282715
vn -0.4842211008071899 0.06485798954963684 0.8725384473800659
vn -0.4879592955112457 0.01471710950136185 0.8727422952651978
vn 0.9454385042190552 0.1219973266124725 0.3020971715450287
vn 0.9140750169754028 0.1464227735996246 0.3781894445419312
vn 0.9118658900260925 0.1475552171468735 0.3830509781837463
vn 0.9082705974578857 0.1506322026252747 0.3903261423110962
vn -0.3242239952087402 0.2088762521743774 0.9226318597793579
vn -0.4091099798679352 0.1769363880157471 0.8951662182807922
vn 0.7605540752410889 -0.06776180118322372 0.6457288861274719
vn 0.7607399225234985 -0.05195661261677742 0.6469739675521851
vn 0.7646350860595703 -0.02662631124258041 0.643913209438324
vn 0.7676001787185669 -0.0006634910241700709 0.6409286260604858
vn 0.7662004828453064 0.01257916074246168 0.6424785256385803
vn 0.8665204644203186 0.1387880146503449 0.4794582426548004
vn 0.7685670256614685 0.02153288573026657 0.6394068002700806
vn 0.7753545045852661 0.03870419785380364 0.6303391456604004
vn 0.8321895599365234 0.1046959310770035 0.544517457485199
vn 0.7913220524787903 0.06038486585021019 0.6084102392196655
vn 0.800013542175293 0.07036091387271881 0.5958420038223267
vn -0.4497665762901306 0.225584551692009 0.8641884326934815
vn 0.7999856472015381 -0.5500708222389221 0.2396771013736725
vn -0.4321308732032776 0.2811710238456726 0.8568580746650696
vn -0.3716658055782318 0.3035844266414642 0.8773260712623596
vn -0.3426628112792969 0.2899889945983887 0.8935818672180176
vn 0.8461775183677673 -0.4868456125259399 0.2167140394449234
vn -0.2758565843105316 0.2339279502630234 0.9322987198829651
vn -0.2754639387130737 0.2119162827730179 0.9376626014709473
vn -0.3025698363780975 0.2101384997367859 0.9296737909317017
vn 0.8941267728805542 -0.3879349231719971 0.2237047404050827
vn 0.9007043838500977 -0.3580233156681061 0.246070995926857
vn 0.9020918011665344 -0.3159377872943878 0.2939620912075043
vn 0.8990829586982727 -0.2787966132164002 0.3375237584114075
vn 0.8829026818275452 -0.21585613489151 0.4169999957084656
vn 0.8731112480163574 -0.2028203904628754 0.4433290064334869
vn 0.8610301613807678 -0.182843953371048 0.4745472967624664
vn 0.8423640727996826 -0.1666533350944519 0.5124933123588562
vn 0.7736003398895264 -0.1194997504353523 0.6223040223121643
vn 0.7675597071647644 -0.1149627342820168 0.6305835843086243
vn 0.9720799922943115 -0.02887698821723461 0.2328659594058991
vn 0.9473527073860169 0.1134640574455261 0.2994139492511749
vn 0.876640260219574 0.1465325206518173 0.4582903981208801
vn -0.3488803505897522 0.0464625209569931 0.9360148310661316
vn -0.3503795266151428 0.04644640535116196 0.9354554414749146
vn -0.3280380666255951 0.01163565274327993 0.9445928335189819
vn -0.359944611787796 0.04365327209234238 0.9319518804550171
vn -0.364206075668335 0.04167643934488297 0.9303854107856751
vn -0.335351437330246 0.05135147273540497 0.9406925439834595
vn -0.3241018354892731 0.04693500325083733 0.9448571801185608
vn -0.2517686188220978 0.07073602080345154 0.9651989340782166
vn -0.1531983017921448 0.1065834760665894 0.9824307560920715
vn 0.02159390412271023 0.1841230690479279 0.9826659560203552
vn 0.04026978090405464 0.1945320814847946 0.9800691604614258
vn 0.114953063428402 0.2415519803762436 0.9635550975799561
vn 0.7122288942337036 0.2029368281364441 0.6719722151756287
vn 0.806157648563385 0.1160352230072022 0.5802116990089417
vn 0.8449885249137878 0.07356318086385727 0.5297007560729981
vn 0.9684092402458191 -0.04212955757975578 0.2457817643880844
vn 0.9536703228950501 -0.04311744496226311 0.2977478802204132
vn 0.9454831480979919 -0.03976266458630562 0.3232345581054688
vn -0.4330752491950989 0.1474055051803589 0.8892229199409485
vn -0.3222395181655884 0.2119551151990891 0.9226248860359192
f 880/880/880 938/938/938 939/939/939
f 939/939/939 848/848/848 880/880/880
f 959/959/959 882/882/882 960/960/960
f 915/915/915 916/916/916 853/853/853
f 937/937/937 938/938/938 880/880/880
f 882/882/882 959/959/959 958/958/958
f 882/882/882 865/865/865 963/963/963
f 963/963/963 960/960/960 882/882/882
f 894/894/894 892/892/892 861/861/861
f 892/892/892 862/862/862 861/861/861
f 883/883/883 878/878/878 865/865/865
f 865/865/865 878/878/878 962/962/962
f 865/865/865 962/962/962 963/963/963
f 863/863/863 891/891/891 890/890/890
f 863/863/863 890/890/890 864/864/864
f 876/876/876 864/864/864 890/890/890
f 892/892/892 891/891/891 862/862/862
f 891/891/891 863/863/863 862/862/862
f 894/894/894 860/860/860 895/895/895
f 895/895/895 860/860/860 875/875/875
f 861/861/861 860/860/860 894/894/894
f 853/853/853 916/916/916 917/917/917
f 917/917/917 866/866/866 853/853/853
f 866/866/866 854/854/854 853/853/853
f 941/941/941 942/942/942 913/913/913
f 941/941/941 913/913/913 850/850/850
f 913/913/913 851/851/851 850/850/850
f 914/914/914 915/915/915 852/852/852
f 915/915/915 853/853/853 852/852/852
f 913/913/913 914/914/914 851/851/851
f 914/914/914 852/852/852 851/851/851
f 940/940/940 941/941/941 849/849/849
f 941/941/941 850/850/850 849/849/849
f 939/939/939 940/940/940 848/848/848
f 940/940/940 849/849/849 848/848/848
f 929/929/929 933/933/933 879/879/879
f 879/879/879 933/933/933 846/846/846
f 847/847/847 934/934/934 935/935/935
f 935/935/935 881/881/881 847/847/847
f 881/881/881 886/886/886 847/847/847
f 933/933/933 934/934/934 846/846/846
f 934/934/934 847/847/847 846/846/846
f 929/929/929 879/879/879 925/925/925
f 878/878/878 961/961/961 962/962/962
f 878/878/878 877/877/877 943/943/943
f 893/893/893 943/943/943 877/877/877
f 943/943/943 961/961/961 878/878/878
f 893/893/893 876/876/876 889/889/889
f 877/877/877 876/876/876 893/893/893
f 890/890/890 889/889/889 876/876/876
f 895/895/895 875/875/875 944/944/944
f 907/907/907 944/944/944 875/875/875
f 908/908/908 907/907/907 874/874/874
f 874/874/874 907/907/907 875/875/875
f 909/909/909 908/908/908 873/873/873
f 873/873/873 908/908/908 874/874/874
f 910/910/910 909/909/909 872/872/872
f 872/872/872 909/909/909 873/873/873
f 871/871/871 945/945/945 910/910/910
f 918/918/918 945/945/945 871/871/871
f 871/871/871 910/910/910 872/872/872
f 921/921/921 918/918/918 870/870/870
f 870/870/870 918/918/918 871/871/871
f 923/923/923 921/921/921 869/869/869
f 869/869/869 921/921/921 870/870/870
f 922/922/922 923/923/923 868/868/868
f 868/868/868 923/923/923 869/869/869
f 920/920/920 922/922/922 867/867/867
f 868/868/868 867/867/867 922/922/922
f 919/919/919 920/920/920 866/866/866
f 867/867/867 866/866/866 920/920/920
f 866/866/866 917/917/917 919/919/919
f 881/881/881 935/935/935 936/936/936
f 880/880/880 881/881/881 937/937/937
f 881/881/881 936/936/936 937/937/937
f 957/957/957 956/956/956 844/844/844
f 842/842/842 951/951/951 950/950/950
f 950/950/950 835/835/835 842/842/842
f 843/843/843 953/953/953 952/952/952
f 952/952/952 842/842/842 843/843/843
f 898/898/898 899/899/899 845/845/845
f 845/845/845 899/899/899 830/830/830
f 902/902/902 827/827/827 901/901/901
f 828/828/828 901/901/901 827/827/827
f 950/950/950 949/949/949 835/835/835
f 835/835/835 949/949/949 834/834/834
f 844/844/844 956/956/956 955/955/955
f 954/954/954 953/953/953 836/836/836
f 836/836/836 953/953/953 843/843/843
f 955/955/955 954/954/954 844/844/844
f 836/836/836 844/844/844 954/954/954
f 952/952/952 951/951/951 842/842/842
f 845/845/845 896/896/896 897/897/897
f 888/888/888 832/832/832 833/833/833
f 946/946/946 888/888/888 833/833/833
f 833/833/833 947/947/947 946/946/946
f 949/949/949 947/947/947 834/834/834
f 834/834/834 947/947/947 833/833/833
f 832/832/832 948/948/948 845/845/845
f 948/948/948 832/832/832 888/888/888
f 845/845/845 948/948/948 896/896/896
f 830/830/830 900/900/900 829/829/829
f 900/900/900 830/830/830 899/899/899
f 897/897/897 898/898/898 845/845/845
f 901/901/901 828/828/828 900/900/900
f 829/829/829 900/900/900 828/828/828
f 931/931/931 839/839/839 932/932/932
f 821/821/821 932/932/932 839/839/839
f 904/904/904 824/824/824 905/905/905
f 825/825/825 905/905/905 824/824/824
f 826/826/826 903/903/903 906/906/906
f 903/903/903 826/826/826 840/840/840
f 903/903/903 840/840/840 902/902/902
f 902/902/902 840/840/840 827/827/827
f 905/905/905 825/825/825 906/906/906
f 826/826/826 906/906/906 825/825/825
f 911/911/911 822/822/822 912/912/912
f 823/823/823 912/912/912 822/822/822
f 823/823/823 824/824/824 904/904/904
f 912/912/912 823/823/823 964/964/964
f 904/904/904 964/964/964 823/823/823
f 821/821/821 822/822/822 911/911/911
f 932/932/932 821/821/821 965/965/965
f 911/911/911 965/965/965 821/821/821
f 926/926/926 837/837/837 927/927/927
f 819/819/819 927/927/927 837/837/837
f 928/928/928 820/820/820 930/930/930
f 930/930/930 820/820/820 838/838/838
f 930/930/930 838/838/838 931/931/931
f 931/931/931 838/838/838 839/839/839
f 927/927/927 819/819/819 928/928/928
f 820/820/820 928/928/928 819/819/819
f 926/926/926 924/924/924 837/837/837
f 876/876/876 877/877/877 864/864/864
f 877/877/877 878/878/878 883/883/883
f 872/872/872 873/873/873 887/887/887
f 873/873/873 874/874/874 887/887/887
f 857/857/857 870/870/870 871/871/871
f 867/867/867 868/868/868 855/855/855
f 869/869/869 870/870/870 856/856/856
f 866/866/866 867/867/867 854/854/854
f 856/856/856 855/855/855 868/868/868 869/869/869
f 875/875/875 860/860/860 887/887/887 874/874/874
f 877/877/877 883/883/883 864/864/864
f 887/887/887 858/858/858 872/872/872
f 884/884/884 859/859/859 887/887/887
f 887/887/887 860/860/860 884/884/884
f 887/887/887 859/859/859 858/858/858
f 870/870/870 857/857/857 856/856/856
f 858/858/858 857/857/857 871/871/871 872/872/872
f 867/867/867 855/855/855 854/854/854
f 885/885/885 880/880/880 848/848/848
f 885/885/885 886/886/886 881/881/881 880/880/880
f 831/831/831 841/841/841 845/845/845
f 832/832/832 845/845/845 841/841/841
f 845/845/845 830/830/830 831/831/831
g Cube_001
g Cube_001
g Cube_001
g Cube_001
g Cube_001
g Cube_001
g Cube_001
g Cube_001
g Cube_001
g Cube_001
g Cube_001
g Cube_001
g Cube_001
g Cube_001
g Cube_001
g Cube_001
g Cube_001
g Cube_001
g Cube_001
g Cube_001
g Cube_001
g Cube_001
g Cube_001
g Cube_001
g Cube_001
g Cube_001
g Cube_001
g Cube_001
g Cube_001
g Cube_001
g Cube_001
g Cube_001
g Cube_001
g Cube_001
g Cube_001
g Cube_001
g Cube_001
g Cube_001
g Cube_001
g Cube_001
g Cube_001
g Cube_001
g Cube_001
g Cube_001
g Cube_001
g Cube_001
g Cube_001
g Cube_001
g Cube_001
g Cube_001
